size,k,model,layers,neurons,dropout,test_mape
20,1,FCNNSmall,3,5,0.0,2.8335607051849365
20,1,FCNNSmall,3,5,0.01,2.7649035453796387
20,1,FCNNSmall,3,5,0.1,2.99830961227417
20,1,FCNNSmall,3,25,0.0,2.6755177974700928
20,1,FCNNSmall,3,25,0.01,2.655219554901123
20,1,FCNNSmall,3,25,0.1,2.689786911010742
20,1,FCNNSmall,3,100,0.0,2.6470718383789062
20,1,FCNNSmall,3,100,0.01,2.6481122970581055
20,1,FCNNSmall,3,100,0.1,2.5515663623809814
20,1,FCNNSmall,4,5,0.0,2.7327938079833984
20,1,FCNNSmall,4,5,0.01,2.740391492843628
20,1,FCNNSmall,4,5,0.1,3.531783103942871
20,1,FCNNSmall,4,25,0.0,2.548570156097412
20,1,FCNNSmall,4,25,0.01,2.557044744491577
20,1,FCNNSmall,4,25,0.1,3.0135157108306885
20,1,FCNNSmall,4,100,0.0,2.5030534267425537
20,1,FCNNSmall,4,100,0.01,2.4850096702575684
20,1,FCNNSmall,4,100,0.1,2.750839948654175
20,1,FCNNSmall,5,5,0.0,2.7030229568481445
20,1,FCNNSmall,5,5,0.01,2.7000880241394043
20,1,FCNNSmall,5,5,0.1,5.067474365234375
20,1,FCNNSmall,5,25,0.0,2.5237388610839844
20,1,FCNNSmall,5,25,0.01,2.5154612064361572
20,1,FCNNSmall,5,25,0.1,4.071905612945557
20,1,FCNNSmall,5,100,0.0,2.5023910999298096
20,1,FCNNSmall,5,100,0.01,2.486607313156128
20,1,FCNNSmall,5,100,0.1,3.002643585205078
20,1,FCNNSmall,6,5,0.0,2.698895215988159
20,1,FCNNSmall,6,5,0.01,2.6540708541870117
20,1,FCNNSmall,6,5,0.1,6.291599273681641
20,1,FCNNSmall,6,25,0.0,2.503317356109619
20,1,FCNNSmall,6,25,0.01,2.523167848587036
20,1,FCNNSmall,6,25,0.1,5.142035961151123
20,1,FCNNSmall,6,100,0.0,2.5114850997924805
20,1,FCNNSmall,6,100,0.01,2.5053510665893555
20,1,FCNNSmall,6,100,0.1,3.7284321784973145
20,1,PCNNSmall,3,5,0.0,3.1844348907470703
20,1,PCNNSmall,3,5,0.01,2.72804594039917
20,1,PCNNSmall,3,5,0.1,3.35957932472229
20,1,PCNNSmall,3,25,0.0,2.6809256076812744
20,1,PCNNSmall,3,25,0.01,2.6582067012786865
20,1,PCNNSmall,3,25,0.1,2.726942300796509
20,1,PCNNSmall,3,100,0.0,2.6236329078674316
20,1,PCNNSmall,3,100,0.01,2.6270828247070312
20,1,PCNNSmall,3,100,0.1,2.5932202339172363
20,1,PCNNSmall,4,5,0.0,2.730992317199707
20,1,PCNNSmall,4,5,0.01,2.6896355152130127
20,1,PCNNSmall,4,5,0.1,3.5085480213165283
20,1,PCNNSmall,4,25,0.0,2.5220541954040527
20,1,PCNNSmall,4,25,0.01,2.5225820541381836
20,1,PCNNSmall,4,25,0.1,2.749885082244873
20,1,PCNNSmall,4,100,0.0,2.5419960021972656
20,1,PCNNSmall,4,100,0.01,2.5450174808502197
20,1,PCNNSmall,4,100,0.1,2.552971124649048
20,1,PCNNSmall,5,5,0.0,2.7446529865264893
20,1,PCNNSmall,5,5,0.01,2.780372142791748
20,1,PCNNSmall,5,5,0.1,4.033979415893555
20,1,PCNNSmall,5,25,0.0,2.5203263759613037
20,1,PCNNSmall,5,25,0.01,2.5012047290802
20,1,PCNNSmall,5,25,0.1,3.2167956829071045
20,1,PCNNSmall,5,100,0.0,2.5296151638031006
20,1,PCNNSmall,5,100,0.01,2.5275137424468994
20,1,PCNNSmall,5,100,0.1,2.745067596435547
20,1,PCNNSmall,6,5,0.0,3.1002135276794434
20,1,PCNNSmall,6,5,0.01,2.8191077709198
20,1,PCNNSmall,6,5,0.1,5.4296793937683105
20,1,PCNNSmall,6,25,0.0,2.5198147296905518
20,1,PCNNSmall,6,25,0.01,2.4971373081207275
20,1,PCNNSmall,6,25,0.1,4.036640644073486
20,1,PCNNSmall,6,100,0.0,2.520317554473877
20,1,PCNNSmall,6,100,0.01,2.5466859340667725
20,1,PCNNSmall,6,100,0.1,2.802729845046997
20,1,FCNNLarge,3,5,0.0,1.791732907295227
20,1,FCNNLarge,3,5,0.01,1.746103286743164
20,1,FCNNLarge,3,5,0.1,1.979177474975586
20,1,FCNNLarge,3,25,0.0,1.6099900007247925
20,1,FCNNLarge,3,25,0.01,1.6088627576828003
20,1,FCNNLarge,3,25,0.1,1.6647590398788452
20,1,FCNNLarge,3,100,0.0,1.6118919849395752
20,1,FCNNLarge,3,100,0.01,1.6017951965332031
20,1,FCNNLarge,3,100,0.1,1.60978102684021
20,1,FCNNLarge,4,5,0.0,1.629126787185669
20,1,FCNNLarge,4,5,0.01,2.01183819770813
20,1,FCNNLarge,4,5,0.1,3.001061201095581
20,1,FCNNLarge,4,25,0.0,1.5892316102981567
20,1,FCNNLarge,4,25,0.01,1.6074328422546387
20,1,FCNNLarge,4,25,0.1,2.335698127746582
20,1,FCNNLarge,4,100,0.0,1.5801700353622437
20,1,FCNNLarge,4,100,0.01,1.565185308456421
20,1,FCNNLarge,4,100,0.1,1.7932981252670288
20,1,FCNNLarge,5,5,0.0,1.6184109449386597
20,1,FCNNLarge,5,5,0.01,1.6673115491867065
20,1,FCNNLarge,5,5,0.1,5.409874439239502
20,1,FCNNLarge,5,25,0.0,1.5807873010635376
20,1,FCNNLarge,5,25,0.01,1.570993423461914
20,1,FCNNLarge,5,25,0.1,4.1492462158203125
20,1,FCNNLarge,5,100,0.0,1.578760027885437
20,1,FCNNLarge,5,100,0.01,1.561942458152771
20,1,FCNNLarge,5,100,0.1,3.046511173248291
20,1,FCNNLarge,6,5,0.0,1.6269561052322388
20,1,FCNNLarge,6,5,0.01,1.689496397972107
20,1,FCNNLarge,6,5,0.1,5.7390666007995605
20,1,FCNNLarge,6,25,0.0,1.5692888498306274
20,1,FCNNLarge,6,25,0.01,1.5852291584014893
20,1,FCNNLarge,6,25,0.1,5.999375820159912
20,1,FCNNLarge,6,100,0.0,1.5622036457061768
20,1,FCNNLarge,6,100,0.01,1.5566824674606323
20,1,FCNNLarge,6,100,0.1,3.4592502117156982
20,1,PCNNLarge,3,5,0.0,2.300051212310791
20,1,PCNNLarge,3,5,0.01,2.0109517574310303
20,1,PCNNLarge,3,5,0.1,2.2887372970581055
20,1,PCNNLarge,3,25,0.0,1.6348456144332886
20,1,PCNNLarge,3,25,0.01,1.6494981050491333
20,1,PCNNLarge,3,25,0.1,1.8419108390808105
20,1,PCNNLarge,3,100,0.0,1.6454224586486816
20,1,PCNNLarge,3,100,0.01,1.6128730773925781
20,1,PCNNLarge,3,100,0.1,1.6702117919921875
20,1,PCNNLarge,4,5,0.0,2.1659204959869385
20,1,PCNNLarge,4,5,0.01,1.6938930749893188
20,1,PCNNLarge,4,5,0.1,2.365849256515503
20,1,PCNNLarge,4,25,0.0,1.6117944717407227
20,1,PCNNLarge,4,25,0.01,1.5910145044326782
20,1,PCNNLarge,4,25,0.1,1.8387393951416016
20,1,PCNNLarge,4,100,0.0,1.60989248752594
20,1,PCNNLarge,4,100,0.01,1.601414442062378
20,1,PCNNLarge,4,100,0.1,1.6877939701080322
20,1,PCNNLarge,5,5,0.0,1.6313061714172363
20,1,PCNNLarge,5,5,0.01,1.697548508644104
20,1,PCNNLarge,5,5,0.1,3.72117280960083
20,1,PCNNLarge,5,25,0.0,1.596909999847412
20,1,PCNNLarge,5,25,0.01,1.5869784355163574
20,1,PCNNLarge,5,25,0.1,2.5540831089019775
20,1,PCNNLarge,5,100,0.0,1.5982410907745361
20,1,PCNNLarge,5,100,0.01,1.5861605405807495
20,1,PCNNLarge,5,100,0.1,2.1689047813415527
20,1,PCNNLarge,6,5,0.0,1.64008629322052
20,1,PCNNLarge,6,5,0.01,1.684923529624939
20,1,PCNNLarge,6,5,0.1,3.2846667766571045
20,1,PCNNLarge,6,25,0.0,1.5862970352172852
20,1,PCNNLarge,6,25,0.01,1.612001895904541
20,1,PCNNLarge,6,25,0.1,4.0915703773498535
20,1,PCNNLarge,6,100,0.0,1.5906621217727661
20,1,PCNNLarge,6,100,0.01,1.606816053390503
20,1,PCNNLarge,6,100,0.1,2.381880044937134
20,2,FCNNSmall,3,5,0.0,2.6743416786193848
20,2,FCNNSmall,3,5,0.01,2.5965516567230225
20,2,FCNNSmall,3,5,0.1,2.830296039581299
20,2,FCNNSmall,3,25,0.0,2.5047290325164795
20,2,FCNNSmall,3,25,0.01,2.4703707695007324
20,2,FCNNSmall,3,25,0.1,2.5124428272247314
20,2,FCNNSmall,3,100,0.0,2.475891351699829
20,2,FCNNSmall,3,100,0.01,2.4816744327545166
20,2,FCNNSmall,3,100,0.1,2.4002435207366943
20,2,FCNNSmall,4,5,0.0,2.551053285598755
20,2,FCNNSmall,4,5,0.01,2.611745834350586
20,2,FCNNSmall,4,5,0.1,4.192937850952148
20,2,FCNNSmall,4,25,0.0,2.408672571182251
20,2,FCNNSmall,4,25,0.01,2.3980839252471924
20,2,FCNNSmall,4,25,0.1,2.8265621662139893
20,2,FCNNSmall,4,100,0.0,2.3813226222991943
20,2,FCNNSmall,4,100,0.01,2.3202991485595703
20,2,FCNNSmall,4,100,0.1,2.618537187576294
20,2,FCNNSmall,5,5,0.0,2.5450074672698975
20,2,FCNNSmall,5,5,0.01,2.4974265098571777
20,2,FCNNSmall,5,5,0.1,4.853309154510498
20,2,FCNNSmall,5,25,0.0,2.3697762489318848
20,2,FCNNSmall,5,25,0.01,2.3737008571624756
20,2,FCNNSmall,5,25,0.1,4.0433349609375
20,2,FCNNSmall,5,100,0.0,2.3259849548339844
20,2,FCNNSmall,5,100,0.01,2.321228265762329
20,2,FCNNSmall,5,100,0.1,3.1666667461395264
20,2,FCNNSmall,6,5,0.0,2.5315232276916504
20,2,FCNNSmall,6,5,0.01,2.4820547103881836
20,2,FCNNSmall,6,5,0.1,6.215993404388428
20,2,FCNNSmall,6,25,0.0,2.387577533721924
20,2,FCNNSmall,6,25,0.01,2.379033327102661
20,2,FCNNSmall,6,25,0.1,5.572065353393555
20,2,FCNNSmall,6,100,0.0,2.3525760173797607
20,2,FCNNSmall,6,100,0.01,2.315976858139038
20,2,FCNNSmall,6,100,0.1,3.273336172103882
20,2,PCNNSmall,3,5,0.0,2.6000876426696777
20,2,PCNNSmall,3,5,0.01,2.529541254043579
20,2,PCNNSmall,3,5,0.1,3.1109731197357178
20,2,PCNNSmall,3,25,0.0,2.4820353984832764
20,2,PCNNSmall,3,25,0.01,2.4746859073638916
20,2,PCNNSmall,3,25,0.1,2.548722267150879
20,2,PCNNSmall,3,100,0.0,2.477860927581787
20,2,PCNNSmall,3,100,0.01,2.4472250938415527
20,2,PCNNSmall,3,100,0.1,2.4226717948913574
20,2,PCNNSmall,4,5,0.0,2.5799643993377686
20,2,PCNNSmall,4,5,0.01,2.524872064590454
20,2,PCNNSmall,4,5,0.1,3.2629311084747314
20,2,PCNNSmall,4,25,0.0,2.3593685626983643
20,2,PCNNSmall,4,25,0.01,2.3642947673797607
20,2,PCNNSmall,4,25,0.1,2.639786958694458
20,2,PCNNSmall,4,100,0.0,2.3705270290374756
20,2,PCNNSmall,4,100,0.01,2.3928582668304443
20,2,PCNNSmall,4,100,0.1,2.449294090270996
20,2,PCNNSmall,5,5,0.0,2.5133609771728516
20,2,PCNNSmall,5,5,0.01,2.570516347885132
20,2,PCNNSmall,5,5,0.1,3.945236921310425
20,2,PCNNSmall,5,25,0.0,2.3623244762420654
20,2,PCNNSmall,5,25,0.01,2.3616864681243896
20,2,PCNNSmall,5,25,0.1,3.1331536769866943
20,2,PCNNSmall,5,100,0.0,2.3698458671569824
20,2,PCNNSmall,5,100,0.01,2.366676092147827
20,2,PCNNSmall,5,100,0.1,2.6542325019836426
20,2,PCNNSmall,6,5,0.0,2.59909987449646
20,2,PCNNSmall,6,5,0.01,2.519596576690674
20,2,PCNNSmall,6,5,0.1,5.779780387878418
20,2,PCNNSmall,6,25,0.0,2.3594019412994385
20,2,PCNNSmall,6,25,0.01,2.3627099990844727
20,2,PCNNSmall,6,25,0.1,3.952772617340088
20,2,PCNNSmall,6,100,0.0,2.347306251525879
20,2,PCNNSmall,6,100,0.01,2.3883347511291504
20,2,PCNNSmall,6,100,0.1,2.748241901397705
20,2,FCNNLarge,3,5,0.0,1.7884275913238525
20,2,FCNNLarge,3,5,0.01,1.7417725324630737
20,2,FCNNLarge,3,5,0.1,2.507484197616577
20,2,FCNNLarge,3,25,0.0,1.6082254648208618
20,2,FCNNLarge,3,25,0.01,1.6080830097198486
20,2,FCNNLarge,3,25,0.1,1.6433449983596802
20,2,FCNNLarge,3,100,0.0,1.612846851348877
20,2,FCNNLarge,3,100,0.01,1.5972715616226196
20,2,FCNNLarge,3,100,0.1,1.5943087339401245
20,2,FCNNLarge,4,5,0.0,1.646499514579773
20,2,FCNNLarge,4,5,0.01,1.976576805114746
20,2,FCNNLarge,4,5,0.1,3.1371657848358154
20,2,FCNNLarge,4,25,0.0,1.5847753286361694
20,2,FCNNLarge,4,25,0.01,1.5712729692459106
20,2,FCNNLarge,4,25,0.1,2.3488829135894775
20,2,FCNNLarge,4,100,0.0,1.5915765762329102
20,2,FCNNLarge,4,100,0.01,1.5703428983688354
20,2,FCNNLarge,4,100,0.1,1.8436466455459595
20,2,FCNNLarge,5,5,0.0,1.6893047094345093
20,2,FCNNLarge,5,5,0.01,1.6796249151229858
20,2,FCNNLarge,5,5,0.1,5.401923656463623
20,2,FCNNLarge,5,25,0.0,1.575047254562378
20,2,FCNNLarge,5,25,0.01,1.5563533306121826
20,2,FCNNLarge,5,25,0.1,4.187868595123291
20,2,FCNNLarge,5,100,0.0,1.576770305633545
20,2,FCNNLarge,5,100,0.01,1.5595800876617432
20,2,FCNNLarge,5,100,0.1,3.102001428604126
20,2,FCNNLarge,6,5,0.0,1.6437829732894897
20,2,FCNNLarge,6,5,0.01,1.6710039377212524
20,2,FCNNLarge,6,5,0.1,5.868553638458252
20,2,FCNNLarge,6,25,0.0,1.5731242895126343
20,2,FCNNLarge,6,25,0.01,1.5722548961639404
20,2,FCNNLarge,6,25,0.1,5.112339019775391
20,2,FCNNLarge,6,100,0.0,1.5722564458847046
20,2,FCNNLarge,6,100,0.01,1.5885025262832642
20,2,FCNNLarge,6,100,0.1,4.085091590881348
20,2,PCNNLarge,3,5,0.0,2.295121431350708
20,2,PCNNLarge,3,5,0.01,1.9663490056991577
20,2,PCNNLarge,3,5,0.1,2.2345616817474365
20,2,PCNNLarge,3,25,0.0,1.6232353448867798
20,2,PCNNLarge,3,25,0.01,1.6851352453231812
20,2,PCNNLarge,3,25,0.1,1.8297337293624878
20,2,PCNNLarge,3,100,0.0,1.639298677444458
20,2,PCNNLarge,3,100,0.01,1.623810052871704
20,2,PCNNLarge,3,100,0.1,1.6657346487045288
20,2,PCNNLarge,4,5,0.0,2.1302127838134766
20,2,PCNNLarge,4,5,0.01,1.7030529975891113
20,2,PCNNLarge,4,5,0.1,2.2574331760406494
20,2,PCNNLarge,4,25,0.0,1.6159001588821411
20,2,PCNNLarge,4,25,0.01,1.5912058353424072
20,2,PCNNLarge,4,25,0.1,1.8162132501602173
20,2,PCNNLarge,4,100,0.0,1.6198314428329468
20,2,PCNNLarge,4,100,0.01,1.5940247774124146
20,2,PCNNLarge,4,100,0.1,1.7074730396270752
20,2,PCNNLarge,5,5,0.0,1.6330723762512207
20,2,PCNNLarge,5,5,0.01,1.7470132112503052
20,2,PCNNLarge,5,5,0.1,3.429779052734375
20,2,PCNNLarge,5,25,0.0,1.5991487503051758
20,2,PCNNLarge,5,25,0.01,1.5994809865951538
20,2,PCNNLarge,5,25,0.1,2.7206263542175293
20,2,PCNNLarge,5,100,0.0,1.6144932508468628
20,2,PCNNLarge,5,100,0.01,1.5896129608154297
20,2,PCNNLarge,5,100,0.1,2.2993762493133545
20,2,PCNNLarge,6,5,0.0,1.6698347330093384
20,2,PCNNLarge,6,5,0.01,1.6942096948623657
20,2,PCNNLarge,6,5,0.1,4.2976298332214355
20,2,PCNNLarge,6,25,0.0,1.587853193283081
20,2,PCNNLarge,6,25,0.01,1.5970656871795654
20,2,PCNNLarge,6,25,0.1,4.086802959442139
20,2,PCNNLarge,6,100,0.0,1.5881885290145874
20,2,PCNNLarge,6,100,0.01,1.5954945087432861
20,2,PCNNLarge,6,100,0.1,2.2329068183898926
20,5,FCNNSmall,3,5,0.0,2.545846462249756
20,5,FCNNSmall,3,5,0.01,2.5000133514404297
20,5,FCNNSmall,3,5,0.1,3.572556257247925
20,5,FCNNSmall,3,25,0.0,2.4037787914276123
20,5,FCNNSmall,3,25,0.01,2.3940601348876953
20,5,FCNNSmall,3,25,0.1,2.420847177505493
20,5,FCNNSmall,3,100,0.0,2.3729162216186523
20,5,FCNNSmall,3,100,0.01,2.3831756114959717
20,5,FCNNSmall,3,100,0.1,2.322434425354004
20,5,FCNNSmall,4,5,0.0,2.4401347637176514
20,5,FCNNSmall,4,5,0.01,2.4607996940612793
20,5,FCNNSmall,4,5,0.1,3.738463878631592
20,5,FCNNSmall,4,25,0.0,2.373960256576538
20,5,FCNNSmall,4,25,0.01,2.3251633644104004
20,5,FCNNSmall,4,25,0.1,2.6439356803894043
20,5,FCNNSmall,4,100,0.0,2.283543825149536
20,5,FCNNSmall,4,100,0.01,2.2764482498168945
20,5,FCNNSmall,4,100,0.1,2.6935760974884033
20,5,FCNNSmall,5,5,0.0,2.5398521423339844
20,5,FCNNSmall,5,5,0.01,2.4355883598327637
20,5,FCNNSmall,5,5,0.1,4.654953956604004
20,5,FCNNSmall,5,25,0.0,2.3036282062530518
20,5,FCNNSmall,5,25,0.01,2.3114495277404785
20,5,FCNNSmall,5,25,0.1,4.398645401000977
20,5,FCNNSmall,5,100,0.0,2.2863352298736572
20,5,FCNNSmall,5,100,0.01,2.260283946990967
20,5,FCNNSmall,5,100,0.1,3.6512529850006104
20,5,FCNNSmall,6,5,0.0,2.387878656387329
20,5,FCNNSmall,6,5,0.01,2.4600236415863037
20,5,FCNNSmall,6,5,0.1,5.782963752746582
20,5,FCNNSmall,6,25,0.0,2.3220720291137695
20,5,FCNNSmall,6,25,0.01,2.3306198120117188
20,5,FCNNSmall,6,25,0.1,5.536664962768555
20,5,FCNNSmall,6,100,0.0,2.255882978439331
20,5,FCNNSmall,6,100,0.01,2.284968852996826
20,5,FCNNSmall,6,100,0.1,4.143908500671387
20,5,PCNNSmall,3,5,0.0,2.4243476390838623
20,5,PCNNSmall,3,5,0.01,2.4059996604919434
20,5,PCNNSmall,3,5,0.1,2.800837516784668
20,5,PCNNSmall,3,25,0.0,2.3627121448516846
20,5,PCNNSmall,3,25,0.01,2.3425726890563965
20,5,PCNNSmall,3,25,0.1,2.4422695636749268
20,5,PCNNSmall,3,100,0.0,2.3520655632019043
20,5,PCNNSmall,3,100,0.01,2.352908134460449
20,5,PCNNSmall,3,100,0.1,2.3074567317962646
20,5,PCNNSmall,4,5,0.0,2.4223272800445557
20,5,PCNNSmall,4,5,0.01,2.397463798522949
20,5,PCNNSmall,4,5,0.1,3.0142135620117188
20,5,PCNNSmall,4,25,0.0,2.272881031036377
20,5,PCNNSmall,4,25,0.01,2.2753124237060547
20,5,PCNNSmall,4,25,0.1,2.5016086101531982
20,5,PCNNSmall,4,100,0.0,2.3134524822235107
20,5,PCNNSmall,4,100,0.01,2.328305244445801
20,5,PCNNSmall,4,100,0.1,2.3363027572631836
20,5,PCNNSmall,5,5,0.0,2.41259765625
20,5,PCNNSmall,5,5,0.01,2.4508204460144043
20,5,PCNNSmall,5,5,0.1,4.005479335784912
20,5,PCNNSmall,5,25,0.0,2.2701923847198486
20,5,PCNNSmall,5,25,0.01,2.2646379470825195
20,5,PCNNSmall,5,25,0.1,3.3965437412261963
20,5,PCNNSmall,5,100,0.0,2.289794445037842
20,5,PCNNSmall,5,100,0.01,2.256542205810547
20,5,PCNNSmall,5,100,0.1,2.6660265922546387
20,5,PCNNSmall,6,5,0.0,2.91512393951416
20,5,PCNNSmall,6,5,0.01,2.5199272632598877
20,5,PCNNSmall,6,5,0.1,5.451777458190918
20,5,PCNNSmall,6,25,0.0,2.2696051597595215
20,5,PCNNSmall,6,25,0.01,2.277243137359619
20,5,PCNNSmall,6,25,0.1,4.611412048339844
20,5,PCNNSmall,6,100,0.0,2.30210280418396
20,5,PCNNSmall,6,100,0.01,2.2592806816101074
20,5,PCNNSmall,6,100,0.1,2.8914425373077393
20,5,FCNNLarge,3,5,0.0,3.022918462753296
20,5,FCNNLarge,3,5,0.01,1.6987773180007935
20,5,FCNNLarge,3,5,0.1,2.0072405338287354
20,5,FCNNLarge,3,25,0.0,1.6128162145614624
20,5,FCNNLarge,3,25,0.01,1.5848885774612427
20,5,FCNNLarge,3,25,0.1,1.6422539949417114
20,5,FCNNLarge,3,100,0.0,1.6190816164016724
20,5,FCNNLarge,3,100,0.01,1.6042627096176147
20,5,FCNNLarge,3,100,0.1,1.5915440320968628
20,5,FCNNLarge,4,5,0.0,3.0264601707458496
20,5,FCNNLarge,4,5,0.01,2.015645742416382
20,5,FCNNLarge,4,5,0.1,3.2879981994628906
20,5,FCNNLarge,4,25,0.0,1.5669057369232178
20,5,FCNNLarge,4,25,0.01,1.5666234493255615
20,5,FCNNLarge,4,25,0.1,2.4312942028045654
20,5,FCNNLarge,4,100,0.0,1.5810508728027344
20,5,FCNNLarge,4,100,0.01,1.5671801567077637
20,5,FCNNLarge,4,100,0.1,2.252065658569336
20,5,FCNNLarge,5,5,0.0,1.6407673358917236
20,5,FCNNLarge,5,5,0.01,1.6396855115890503
20,5,FCNNLarge,5,5,0.1,4.486414909362793
20,5,FCNNLarge,5,25,0.0,1.568778395652771
20,5,FCNNLarge,5,25,0.01,1.5734808444976807
20,5,FCNNLarge,5,25,0.1,4.524881839752197
20,5,FCNNLarge,5,100,0.0,1.5647332668304443
20,5,FCNNLarge,5,100,0.01,1.5554215908050537
20,5,FCNNLarge,5,100,0.1,3.1144096851348877
20,5,FCNNLarge,6,5,0.0,1.6556204557418823
20,5,FCNNLarge,6,5,0.01,1.646135687828064
20,5,FCNNLarge,6,5,0.1,5.3861260414123535
20,5,FCNNLarge,6,25,0.0,1.5626600980758667
20,5,FCNNLarge,6,25,0.01,1.573979377746582
20,5,FCNNLarge,6,25,0.1,6.470340251922607
20,5,FCNNLarge,6,100,0.0,1.5617947578430176
20,5,FCNNLarge,6,100,0.01,1.563206434249878
20,5,FCNNLarge,6,100,0.1,4.162038803100586
20,5,PCNNLarge,3,5,0.0,2.2939937114715576
20,5,PCNNLarge,3,5,0.01,1.962963581085205
20,5,PCNNLarge,3,5,0.1,2.2555835247039795
20,5,PCNNLarge,3,25,0.0,1.6247566938400269
20,5,PCNNLarge,3,25,0.01,1.6418681144714355
20,5,PCNNLarge,3,25,0.1,1.8447712659835815
20,5,PCNNLarge,3,100,0.0,1.6360690593719482
20,5,PCNNLarge,3,100,0.01,1.63346529006958
20,5,PCNNLarge,3,100,0.1,1.6593725681304932
20,5,PCNNLarge,4,5,0.0,2.106924533843994
20,5,PCNNLarge,4,5,0.01,1.7297840118408203
20,5,PCNNLarge,4,5,0.1,2.5747873783111572
20,5,PCNNLarge,4,25,0.0,1.613053321838379
20,5,PCNNLarge,4,25,0.01,1.5888948440551758
20,5,PCNNLarge,4,25,0.1,1.8425898551940918
20,5,PCNNLarge,4,100,0.0,1.6128859519958496
20,5,PCNNLarge,4,100,0.01,1.6098895072937012
20,5,PCNNLarge,4,100,0.1,1.7010434865951538
20,5,PCNNLarge,5,5,0.0,1.6329569816589355
20,5,PCNNLarge,5,5,0.01,1.6904582977294922
20,5,PCNNLarge,5,5,0.1,4.20392370223999
20,5,PCNNLarge,5,25,0.0,1.5927919149398804
20,5,PCNNLarge,5,25,0.01,1.5925655364990234
20,5,PCNNLarge,5,25,0.1,2.5446724891662598
20,5,PCNNLarge,5,100,0.0,1.6001341342926025
20,5,PCNNLarge,5,100,0.01,1.5882792472839355
20,5,PCNNLarge,5,100,0.1,2.315675735473633
20,5,PCNNLarge,6,5,0.0,1.6350277662277222
20,5,PCNNLarge,6,5,0.01,1.6982604265213013
20,5,PCNNLarge,6,5,0.1,4.181859493255615
20,5,PCNNLarge,6,25,0.0,1.5969488620758057
20,5,PCNNLarge,6,25,0.01,1.597920536994934
20,5,PCNNLarge,6,25,0.1,4.450462818145752
20,5,PCNNLarge,6,100,0.0,1.6084061861038208
20,5,PCNNLarge,6,100,0.01,1.6082401275634766
20,5,PCNNLarge,6,100,0.1,2.3276174068450928
20,10,FCNNSmall,3,5,0.0,3.4492111206054688
20,10,FCNNSmall,3,5,0.01,2.5911853313446045
20,10,FCNNSmall,3,5,0.1,3.541714668273926
20,10,FCNNSmall,3,25,0.0,2.383845090866089
20,10,FCNNSmall,3,25,0.01,2.364551067352295
20,10,FCNNSmall,3,25,0.1,2.3684918880462646
20,10,FCNNSmall,3,100,0.0,2.355576753616333
20,10,FCNNSmall,3,100,0.01,2.3431129455566406
20,10,FCNNSmall,3,100,0.1,2.2853028774261475
20,10,FCNNSmall,4,5,0.0,3.4522104263305664
20,10,FCNNSmall,4,5,0.01,2.7308478355407715
20,10,FCNNSmall,4,5,0.1,4.730442523956299
20,10,FCNNSmall,4,25,0.0,2.2939977645874023
20,10,FCNNSmall,4,25,0.01,2.2947912216186523
20,10,FCNNSmall,4,25,0.1,3.1148102283477783
20,10,FCNNSmall,4,100,0.0,2.249211311340332
20,10,FCNNSmall,4,100,0.01,2.266453266143799
20,10,FCNNSmall,4,100,0.1,2.6766695976257324
20,10,FCNNSmall,5,5,0.0,2.540728807449341
20,10,FCNNSmall,5,5,0.01,2.404279947280884
20,10,FCNNSmall,5,5,0.1,4.5224714279174805
20,10,FCNNSmall,5,25,0.0,2.2733571529388428
20,10,FCNNSmall,5,25,0.01,2.313042640686035
20,10,FCNNSmall,5,25,0.1,3.823967456817627
20,10,FCNNSmall,5,100,0.0,2.2464842796325684
20,10,FCNNSmall,5,100,0.01,2.247060775756836
20,10,FCNNSmall,5,100,0.1,4.010300159454346
20,10,FCNNSmall,6,5,0.0,2.5267372131347656
20,10,FCNNSmall,6,5,0.01,2.411409616470337
20,10,FCNNSmall,6,5,0.1,5.633196830749512
20,10,FCNNSmall,6,25,0.0,2.267644166946411
20,10,FCNNSmall,6,25,0.01,2.308070659637451
20,10,FCNNSmall,6,25,0.1,6.772731304168701
20,10,FCNNSmall,6,100,0.0,2.2601728439331055
20,10,FCNNSmall,6,100,0.01,2.25996994972229
20,10,FCNNSmall,6,100,0.1,4.711587905883789
20,10,PCNNSmall,3,5,0.0,2.368511438369751
20,10,PCNNSmall,3,5,0.01,2.3584656715393066
20,10,PCNNSmall,3,5,0.1,2.9112303256988525
20,10,PCNNSmall,3,25,0.0,2.351280927658081
20,10,PCNNSmall,3,25,0.01,2.3089568614959717
20,10,PCNNSmall,3,25,0.1,2.3752899169921875
20,10,PCNNSmall,3,100,0.0,2.330402135848999
20,10,PCNNSmall,3,100,0.01,2.3149619102478027
20,10,PCNNSmall,3,100,0.1,2.2727363109588623
20,10,PCNNSmall,4,5,0.0,2.364074468612671
20,10,PCNNSmall,4,5,0.01,2.360018014907837
20,10,PCNNSmall,4,5,0.1,3.389000415802002
20,10,PCNNSmall,4,25,0.0,2.2463746070861816
20,10,PCNNSmall,4,25,0.01,2.225184679031372
20,10,PCNNSmall,4,25,0.1,2.4840378761291504
20,10,PCNNSmall,4,100,0.0,2.268099069595337
20,10,PCNNSmall,4,100,0.01,2.256019115447998
20,10,PCNNSmall,4,100,0.1,2.3131046295166016
20,10,PCNNSmall,5,5,0.0,2.4746129512786865
20,10,PCNNSmall,5,5,0.01,2.4852664470672607
20,10,PCNNSmall,5,5,0.1,4.586297512054443
20,10,PCNNSmall,5,25,0.0,2.2299180030822754
20,10,PCNNSmall,5,25,0.01,2.213658094406128
20,10,PCNNSmall,5,25,0.1,3.230794906616211
20,10,PCNNSmall,5,100,0.0,2.2476806640625
20,10,PCNNSmall,5,100,0.01,2.2461180686950684
20,10,PCNNSmall,5,100,0.1,2.8263182640075684
20,10,PCNNSmall,6,5,0.0,2.494248867034912
20,10,PCNNSmall,6,5,0.01,2.3930723667144775
20,10,PCNNSmall,6,5,0.1,5.657402992248535
20,10,PCNNSmall,6,25,0.0,2.240823268890381
20,10,PCNNSmall,6,25,0.01,2.2337331771850586
20,10,PCNNSmall,6,25,0.1,4.750548839569092
20,10,PCNNSmall,6,100,0.0,2.2325539588928223
20,10,PCNNSmall,6,100,0.01,2.2515459060668945
20,10,PCNNSmall,6,100,0.1,2.975529432296753
20,10,FCNNLarge,3,5,0.0,2.5729141235351562
20,10,FCNNLarge,3,5,0.01,1.8925182819366455
20,10,FCNNLarge,3,5,0.1,1.9114539623260498
20,10,FCNNLarge,3,25,0.0,1.6069440841674805
20,10,FCNNLarge,3,25,0.01,1.5760637521743774
20,10,FCNNLarge,3,25,0.1,1.6683293581008911
20,10,FCNNLarge,3,100,0.0,1.5812921524047852
20,10,FCNNLarge,3,100,0.01,1.569671869277954
20,10,FCNNLarge,3,100,0.1,1.5503711700439453
20,10,FCNNLarge,4,5,0.0,1.9213060140609741
20,10,FCNNLarge,4,5,0.01,2.014542818069458
20,10,FCNNLarge,4,5,0.1,3.159475564956665
20,10,FCNNLarge,4,25,0.0,1.5475350618362427
20,10,FCNNLarge,4,25,0.01,1.5541263818740845
20,10,FCNNLarge,4,25,0.1,2.4178876876831055
20,10,FCNNLarge,4,100,0.0,1.5518280267715454
20,10,FCNNLarge,4,100,0.01,1.5408719778060913
20,10,FCNNLarge,4,100,0.1,2.092758893966675
20,10,FCNNLarge,5,5,0.0,1.692198634147644
20,10,FCNNLarge,5,5,0.01,1.6162793636322021
20,10,FCNNLarge,5,5,0.1,5.39851188659668
20,10,FCNNLarge,5,25,0.0,1.5402971506118774
20,10,FCNNLarge,5,25,0.01,1.560217261314392
20,10,FCNNLarge,5,25,0.1,4.00154972076416
20,10,FCNNLarge,5,100,0.0,1.5465714931488037
20,10,FCNNLarge,5,100,0.01,1.5380563735961914
20,10,FCNNLarge,5,100,0.1,4.000401496887207
20,10,FCNNLarge,6,5,0.0,1.6002460718154907
20,10,FCNNLarge,6,5,0.01,1.6893577575683594
20,10,FCNNLarge,6,5,0.1,5.152484893798828
20,10,FCNNLarge,6,25,0.0,1.546706199645996
20,10,FCNNLarge,6,25,0.01,1.549483060836792
20,10,FCNNLarge,6,25,0.1,6.313509464263916
20,10,FCNNLarge,6,100,0.0,1.5484719276428223
20,10,FCNNLarge,6,100,0.01,1.5413942337036133
20,10,FCNNLarge,6,100,0.1,4.8702826499938965
20,10,PCNNLarge,3,5,0.0,2.0695180892944336
20,10,PCNNLarge,3,5,0.01,1.9470897912979126
20,10,PCNNLarge,3,5,0.1,2.166733980178833
20,10,PCNNLarge,3,25,0.0,1.626899242401123
20,10,PCNNLarge,3,25,0.01,1.6150652170181274
20,10,PCNNLarge,3,25,0.1,1.7343002557754517
20,10,PCNNLarge,3,100,0.0,1.6398801803588867
20,10,PCNNLarge,3,100,0.01,1.6178958415985107
20,10,PCNNLarge,3,100,0.1,1.6380615234375
20,10,PCNNLarge,4,5,0.0,1.6620397567749023
20,10,PCNNLarge,4,5,0.01,1.7173360586166382
20,10,PCNNLarge,4,5,0.1,2.525759220123291
20,10,PCNNLarge,4,25,0.0,1.5910035371780396
20,10,PCNNLarge,4,25,0.01,1.5693422555923462
20,10,PCNNLarge,4,25,0.1,1.8970069885253906
20,10,PCNNLarge,4,100,0.0,1.5991275310516357
20,10,PCNNLarge,4,100,0.01,1.6019800901412964
20,10,PCNNLarge,4,100,0.1,1.6647353172302246
20,10,PCNNLarge,5,5,0.0,1.6241179704666138
20,10,PCNNLarge,5,5,0.01,1.7267998456954956
20,10,PCNNLarge,5,5,0.1,4.563907623291016
20,10,PCNNLarge,5,25,0.0,1.554931402206421
20,10,PCNNLarge,5,25,0.01,1.5660356283187866
20,10,PCNNLarge,5,25,0.1,2.788891553878784
20,10,PCNNLarge,5,100,0.0,1.5883241891860962
20,10,PCNNLarge,5,100,0.01,1.5718458890914917
20,10,PCNNLarge,5,100,0.1,2.2064290046691895
20,10,PCNNLarge,6,5,0.0,1.6518346071243286
20,10,PCNNLarge,6,5,0.01,1.6570384502410889
20,10,PCNNLarge,6,5,0.1,4.743929386138916
20,10,PCNNLarge,6,25,0.0,1.5599751472473145
20,10,PCNNLarge,6,25,0.01,1.572972059249878
20,10,PCNNLarge,6,25,0.1,4.877117156982422
20,10,PCNNLarge,6,100,0.0,1.5816951990127563
20,10,PCNNLarge,6,100,0.01,1.599475622177124
20,10,PCNNLarge,6,100,0.1,2.39523983001709
50,1,FCNNSmall,3,5,0.0,3.6562976837158203
50,1,FCNNSmall,3,5,0.01,2.8937833309173584
50,1,FCNNSmall,3,5,0.1,3.3407676219940186
50,1,FCNNSmall,3,25,0.0,2.5740489959716797
50,1,FCNNSmall,3,25,0.01,2.508416175842285
50,1,FCNNSmall,3,25,0.1,2.634389638900757
50,1,FCNNSmall,3,100,0.0,2.5745081901550293
50,1,FCNNSmall,3,100,0.01,2.512737512588501
50,1,FCNNSmall,3,100,0.1,2.5024890899658203
50,1,FCNNSmall,4,5,0.0,2.6664180755615234
50,1,FCNNSmall,4,5,0.01,2.7377688884735107
50,1,FCNNSmall,4,5,0.1,6.0833659172058105
50,1,FCNNSmall,4,25,0.0,2.471428632736206
50,1,FCNNSmall,4,25,0.01,2.479809522628784
50,1,FCNNSmall,4,25,0.1,3.3825104236602783
50,1,FCNNSmall,4,100,0.0,2.5094690322875977
50,1,FCNNSmall,4,100,0.01,2.487846612930298
50,1,FCNNSmall,4,100,0.1,3.063232898712158
50,1,FCNNSmall,5,5,0.0,2.581176996231079
50,1,FCNNSmall,5,5,0.01,2.616255283355713
50,1,FCNNSmall,5,5,0.1,6.458699703216553
50,1,FCNNSmall,5,25,0.0,2.4516799449920654
50,1,FCNNSmall,5,25,0.01,2.4665160179138184
50,1,FCNNSmall,5,25,0.1,5.7849507331848145
50,1,FCNNSmall,5,100,0.0,2.479686737060547
50,1,FCNNSmall,5,100,0.01,2.4830055236816406
50,1,FCNNSmall,5,100,0.1,4.033736705780029
50,1,FCNNSmall,6,5,0.0,2.6352269649505615
50,1,FCNNSmall,6,5,0.01,2.6842434406280518
50,1,FCNNSmall,6,5,0.1,8.460901260375977
50,1,FCNNSmall,6,25,0.0,2.4487411975860596
50,1,FCNNSmall,6,25,0.01,2.4929957389831543
50,1,FCNNSmall,6,25,0.1,8.605917930603027
50,1,FCNNSmall,6,100,0.0,2.4670841693878174
50,1,FCNNSmall,6,100,0.01,2.492457866668701
50,1,FCNNSmall,6,100,0.1,4.461883068084717
50,1,PCNNSmall,3,5,0.0,2.615302324295044
50,1,PCNNSmall,3,5,0.01,2.599242925643921
50,1,PCNNSmall,3,5,0.1,3.1742889881134033
50,1,PCNNSmall,3,25,0.0,2.521230459213257
50,1,PCNNSmall,3,25,0.01,2.483105182647705
50,1,PCNNSmall,3,25,0.1,2.6362314224243164
50,1,PCNNSmall,3,100,0.0,2.522487163543701
50,1,PCNNSmall,3,100,0.01,2.5411908626556396
50,1,PCNNSmall,3,100,0.1,2.5129382610321045
50,1,PCNNSmall,4,5,0.0,2.547456741333008
50,1,PCNNSmall,4,5,0.01,2.6148414611816406
50,1,PCNNSmall,4,5,0.1,4.0650200843811035
50,1,PCNNSmall,4,25,0.0,2.472028970718384
50,1,PCNNSmall,4,25,0.01,2.4781992435455322
50,1,PCNNSmall,4,25,0.1,2.6661009788513184
50,1,PCNNSmall,4,100,0.0,2.4830846786499023
50,1,PCNNSmall,4,100,0.01,2.494856834411621
50,1,PCNNSmall,4,100,0.1,2.5690181255340576
50,1,PCNNSmall,5,5,0.0,2.5024757385253906
50,1,PCNNSmall,5,5,0.01,2.7693779468536377
50,1,PCNNSmall,5,5,0.1,5.487756729125977
50,1,PCNNSmall,5,25,0.0,2.4603352546691895
50,1,PCNNSmall,5,25,0.01,2.484661340713501
50,1,PCNNSmall,5,25,0.1,3.440314292907715
50,1,PCNNSmall,5,100,0.0,2.475379228591919
50,1,PCNNSmall,5,100,0.01,2.471691370010376
50,1,PCNNSmall,5,100,0.1,2.631917715072632
50,1,PCNNSmall,6,5,0.0,2.501728057861328
50,1,PCNNSmall,6,5,0.01,2.596830129623413
50,1,PCNNSmall,6,5,0.1,7.646908760070801
50,1,PCNNSmall,6,25,0.0,2.4559202194213867
50,1,PCNNSmall,6,25,0.01,2.4699912071228027
50,1,PCNNSmall,6,25,0.1,5.254173755645752
50,1,PCNNSmall,6,100,0.0,2.487865686416626
50,1,PCNNSmall,6,100,0.01,2.4889955520629883
50,1,PCNNSmall,6,100,0.1,2.881115674972534
50,1,FCNNLarge,3,5,0.0,2.904446601867676
50,1,FCNNLarge,3,5,0.01,1.7570830583572388
50,1,FCNNLarge,3,5,0.1,2.3352417945861816
50,1,FCNNLarge,3,25,0.0,1.3725661039352417
50,1,FCNNLarge,3,25,0.01,1.391592264175415
50,1,FCNNLarge,3,25,0.1,1.4927763938903809
50,1,FCNNLarge,3,100,0.0,1.362818956375122
50,1,FCNNLarge,3,100,0.01,1.3651949167251587
50,1,FCNNLarge,3,100,0.1,1.3993533849716187
50,1,FCNNLarge,4,5,0.0,1.4271951913833618
50,1,FCNNLarge,4,5,0.01,1.9212454557418823
50,1,FCNNLarge,4,5,0.1,5.023443222045898
50,1,FCNNLarge,4,25,0.0,1.3555124998092651
50,1,FCNNLarge,4,25,0.01,1.3338567018508911
50,1,FCNNLarge,4,25,0.1,3.046668529510498
50,1,FCNNLarge,4,100,0.0,1.3597530126571655
50,1,FCNNLarge,4,100,0.01,1.3339004516601562
50,1,FCNNLarge,4,100,0.1,2.202857255935669
50,1,FCNNLarge,5,5,0.0,1.4082677364349365
50,1,FCNNLarge,5,5,0.01,1.5324031114578247
50,1,FCNNLarge,5,5,0.1,6.83856725692749
50,1,FCNNLarge,5,25,0.0,1.329521894454956
50,1,FCNNLarge,5,25,0.01,1.3450124263763428
50,1,FCNNLarge,5,25,0.1,6.23797082901001
50,1,FCNNLarge,5,100,0.0,1.3537089824676514
50,1,FCNNLarge,5,100,0.01,1.3519079685211182
50,1,FCNNLarge,5,100,0.1,4.515768527984619
50,1,FCNNLarge,6,5,0.0,1.4727281332015991
50,1,FCNNLarge,6,5,0.01,1.5336304903030396
50,1,FCNNLarge,6,5,0.1,8.845053672790527
50,1,FCNNLarge,6,25,0.0,1.3311421871185303
50,1,FCNNLarge,6,25,0.01,1.368355393409729
50,1,FCNNLarge,6,25,0.1,8.934183120727539
50,1,FCNNLarge,6,100,0.0,1.3466839790344238
50,1,FCNNLarge,6,100,0.01,1.383650779724121
50,1,FCNNLarge,6,100,0.1,5.205841064453125
50,1,PCNNLarge,3,5,0.0,1.705214023590088
50,1,PCNNLarge,3,5,0.01,1.7314484119415283
50,1,PCNNLarge,3,5,0.1,2.2138242721557617
50,1,PCNNLarge,3,25,0.0,1.3646759986877441
50,1,PCNNLarge,3,25,0.01,1.4240312576293945
50,1,PCNNLarge,3,25,0.1,1.7832837104797363
50,1,PCNNLarge,3,100,0.0,1.3530548810958862
50,1,PCNNLarge,3,100,0.01,1.346968173980713
50,1,PCNNLarge,3,100,0.1,1.4982353448867798
50,1,PCNNLarge,4,5,0.0,1.407102108001709
50,1,PCNNLarge,4,5,0.01,1.507228136062622
50,1,PCNNLarge,4,5,0.1,2.2380259037017822
50,1,PCNNLarge,4,25,0.0,1.3425390720367432
50,1,PCNNLarge,4,25,0.01,1.3437714576721191
50,1,PCNNLarge,4,25,0.1,1.7183613777160645
50,1,PCNNLarge,4,100,0.0,1.3511446714401245
50,1,PCNNLarge,4,100,0.01,1.3276755809783936
50,1,PCNNLarge,4,100,0.1,1.5772768259048462
50,1,PCNNLarge,5,5,0.0,1.3472930192947388
50,1,PCNNLarge,5,5,0.01,1.5448359251022339
50,1,PCNNLarge,5,5,0.1,4.534061431884766
50,1,PCNNLarge,5,25,0.0,1.3318735361099243
50,1,PCNNLarge,5,25,0.01,1.356670618057251
50,1,PCNNLarge,5,25,0.1,2.938539743423462
50,1,PCNNLarge,5,100,0.0,1.332641363143921
50,1,PCNNLarge,5,100,0.01,1.3257434368133545
50,1,PCNNLarge,5,100,0.1,2.2779154777526855
50,1,PCNNLarge,6,5,0.0,1.4322222471237183
50,1,PCNNLarge,6,5,0.01,1.456672191619873
50,1,PCNNLarge,6,5,0.1,4.210272789001465
50,1,PCNNLarge,6,25,0.0,1.3250679969787598
50,1,PCNNLarge,6,25,0.01,1.3994210958480835
50,1,PCNNLarge,6,25,0.1,4.79112434387207
50,1,PCNNLarge,6,100,0.0,1.3263075351715088
50,1,PCNNLarge,6,100,0.01,1.3602875471115112
50,1,PCNNLarge,6,100,0.1,3.020820379257202
50,2,FCNNSmall,3,5,0.0,2.458415985107422
50,2,FCNNSmall,3,5,0.01,2.7099525928497314
50,2,FCNNSmall,3,5,0.1,3.149183988571167
50,2,FCNNSmall,3,25,0.0,2.304123878479004
50,2,FCNNSmall,3,25,0.01,2.2801830768585205
50,2,FCNNSmall,3,25,0.1,2.4582297801971436
50,2,FCNNSmall,3,100,0.0,2.296627998352051
50,2,FCNNSmall,3,100,0.01,2.2654311656951904
50,2,FCNNSmall,3,100,0.1,2.2509238719940186
50,2,FCNNSmall,4,5,0.0,2.3813443183898926
50,2,FCNNSmall,4,5,0.01,2.9375905990600586
50,2,FCNNSmall,4,5,0.1,5.66696310043335
50,2,FCNNSmall,4,25,0.0,2.236382007598877
50,2,FCNNSmall,4,25,0.01,2.263702154159546
50,2,FCNNSmall,4,25,0.1,3.4901530742645264
50,2,FCNNSmall,4,100,0.0,2.254788875579834
50,2,FCNNSmall,4,100,0.01,2.2200119495391846
50,2,FCNNSmall,4,100,0.1,2.8902969360351562
50,2,FCNNSmall,5,5,0.0,2.3838706016540527
50,2,FCNNSmall,5,5,0.01,2.3477184772491455
50,2,FCNNSmall,5,5,0.1,6.350607395172119
50,2,FCNNSmall,5,25,0.0,2.233407735824585
50,2,FCNNSmall,5,25,0.01,2.228121042251587
50,2,FCNNSmall,5,25,0.1,5.628498554229736
50,2,FCNNSmall,5,100,0.0,2.256530284881592
50,2,FCNNSmall,5,100,0.01,2.227449893951416
50,2,FCNNSmall,5,100,0.1,4.564878940582275
50,2,FCNNSmall,6,5,0.0,2.3462705612182617
50,2,FCNNSmall,6,5,0.01,2.376211643218994
50,2,FCNNSmall,6,5,0.1,8.675495147705078
50,2,FCNNSmall,6,25,0.0,2.227005958557129
50,2,FCNNSmall,6,25,0.01,2.253509283065796
50,2,FCNNSmall,6,25,0.1,8.399311065673828
50,2,FCNNSmall,6,100,0.0,2.238006830215454
50,2,FCNNSmall,6,100,0.01,2.2344002723693848
50,2,FCNNSmall,6,100,0.1,5.480432510375977
50,2,PCNNSmall,3,5,0.0,2.40118145942688
50,2,PCNNSmall,3,5,0.01,2.354936122894287
50,2,PCNNSmall,3,5,0.1,2.979823589324951
50,2,PCNNSmall,3,25,0.0,2.283421277999878
50,2,PCNNSmall,3,25,0.01,2.2659170627593994
50,2,PCNNSmall,3,25,0.1,2.4134626388549805
50,2,PCNNSmall,3,100,0.0,2.2802493572235107
50,2,PCNNSmall,3,100,0.01,2.290809392929077
50,2,PCNNSmall,3,100,0.1,2.286137819290161
50,2,PCNNSmall,4,5,0.0,2.3441574573516846
50,2,PCNNSmall,4,5,0.01,2.3928844928741455
50,2,PCNNSmall,4,5,0.1,3.6683828830718994
50,2,PCNNSmall,4,25,0.0,2.238227128982544
50,2,PCNNSmall,4,25,0.01,2.2178642749786377
50,2,PCNNSmall,4,25,0.1,2.4528231620788574
50,2,PCNNSmall,4,100,0.0,2.2525634765625
50,2,PCNNSmall,4,100,0.01,2.2428581714630127
50,2,PCNNSmall,4,100,0.1,2.3659605979919434
50,2,PCNNSmall,5,5,0.0,2.902487277984619
50,2,PCNNSmall,5,5,0.01,2.402911424636841
50,2,PCNNSmall,5,5,0.1,5.83399772644043
50,2,PCNNSmall,5,25,0.0,2.2175710201263428
50,2,PCNNSmall,5,25,0.01,2.2278659343719482
50,2,PCNNSmall,5,25,0.1,3.9623610973358154
50,2,PCNNSmall,5,100,0.0,2.2266576290130615
50,2,PCNNSmall,5,100,0.01,2.2214908599853516
50,2,PCNNSmall,5,100,0.1,2.652514934539795
50,2,PCNNSmall,6,5,0.0,2.75258207321167
50,2,PCNNSmall,6,5,0.01,2.354687213897705
50,2,PCNNSmall,6,5,0.1,6.32017183303833
50,2,PCNNSmall,6,25,0.0,2.2243337631225586
50,2,PCNNSmall,6,25,0.01,2.2310471534729004
50,2,PCNNSmall,6,25,0.1,5.764627933502197
50,2,PCNNSmall,6,100,0.0,2.217165946960449
50,2,PCNNSmall,6,100,0.01,2.237642765045166
50,2,PCNNSmall,6,100,0.1,2.9775609970092773
50,2,FCNNLarge,3,5,0.0,3.0588974952697754
50,2,FCNNLarge,3,5,0.01,1.7522293329238892
50,2,FCNNLarge,3,5,0.1,2.2266650199890137
50,2,FCNNLarge,3,25,0.0,1.3776752948760986
50,2,FCNNLarge,3,25,0.01,1.4033418893814087
50,2,FCNNLarge,3,25,0.1,1.4908391237258911
50,2,FCNNLarge,3,100,0.0,1.379734754562378
50,2,FCNNLarge,3,100,0.01,1.3732377290725708
50,2,FCNNLarge,3,100,0.1,1.4091827869415283
50,2,FCNNLarge,4,5,0.0,1.4271622896194458
50,2,FCNNLarge,4,5,0.01,1.9997743368148804
50,2,FCNNLarge,4,5,0.1,5.062968730926514
50,2,FCNNLarge,4,25,0.0,1.3483452796936035
50,2,FCNNLarge,4,25,0.01,1.342288613319397
50,2,FCNNLarge,4,25,0.1,3.601470947265625
50,2,FCNNLarge,4,100,0.0,1.3523962497711182
50,2,FCNNLarge,4,100,0.01,1.3412489891052246
50,2,FCNNLarge,4,100,0.1,2.4429996013641357
50,2,FCNNLarge,5,5,0.0,1.4129282236099243
50,2,FCNNLarge,5,5,0.01,1.604012370109558
50,2,FCNNLarge,5,5,0.1,6.971100807189941
50,2,FCNNLarge,5,25,0.0,1.3418320417404175
50,2,FCNNLarge,5,25,0.01,1.3638402223587036
50,2,FCNNLarge,5,25,0.1,6.895005702972412
50,2,FCNNLarge,5,100,0.0,1.3554775714874268
50,2,FCNNLarge,5,100,0.01,1.3529340028762817
50,2,FCNNLarge,5,100,0.1,4.104977130889893
50,2,FCNNLarge,6,5,0.0,1.4781625270843506
50,2,FCNNLarge,6,5,0.01,1.5455719232559204
50,2,FCNNLarge,6,5,0.1,8.455160140991211
50,2,FCNNLarge,6,25,0.0,1.3390775918960571
50,2,FCNNLarge,6,25,0.01,1.3500800132751465
50,2,FCNNLarge,6,25,0.1,8.43218994140625
50,2,FCNNLarge,6,100,0.0,1.3601586818695068
50,2,FCNNLarge,6,100,0.01,1.409048080444336
50,2,FCNNLarge,6,100,0.1,6.10584020614624
50,2,PCNNLarge,3,5,0.0,1.6767654418945312
50,2,PCNNLarge,3,5,0.01,1.7024372816085815
50,2,PCNNLarge,3,5,0.1,2.243980646133423
50,2,PCNNLarge,3,25,0.0,1.3683156967163086
50,2,PCNNLarge,3,25,0.01,1.4479998350143433
50,2,PCNNLarge,3,25,0.1,1.7617429494857788
50,2,PCNNLarge,3,100,0.0,1.356720209121704
50,2,PCNNLarge,3,100,0.01,1.355034351348877
50,2,PCNNLarge,3,100,0.1,1.4823222160339355
50,2,PCNNLarge,4,5,0.0,1.6744134426116943
50,2,PCNNLarge,4,5,0.01,1.5349688529968262
50,2,PCNNLarge,4,5,0.1,2.202307939529419
50,2,PCNNLarge,4,25,0.0,1.3578075170516968
50,2,PCNNLarge,4,25,0.01,1.3566453456878662
50,2,PCNNLarge,4,25,0.1,1.889079213142395
50,2,PCNNLarge,4,100,0.0,1.3387563228607178
50,2,PCNNLarge,4,100,0.01,1.3316681385040283
50,2,PCNNLarge,4,100,0.1,1.5959001779556274
50,2,PCNNLarge,5,5,0.0,1.3380736112594604
50,2,PCNNLarge,5,5,0.01,1.5309041738510132
50,2,PCNNLarge,5,5,0.1,5.22721529006958
50,2,PCNNLarge,5,25,0.0,1.3251121044158936
50,2,PCNNLarge,5,25,0.01,1.38075852394104
50,2,PCNNLarge,5,25,0.1,3.1933233737945557
50,2,PCNNLarge,5,100,0.0,1.332902431488037
50,2,PCNNLarge,5,100,0.01,1.3404039144515991
50,2,PCNNLarge,5,100,0.1,2.3993399143218994
50,2,PCNNLarge,6,5,0.0,1.4400063753128052
50,2,PCNNLarge,6,5,0.01,1.5037384033203125
50,2,PCNNLarge,6,5,0.1,3.483538866043091
50,2,PCNNLarge,6,25,0.0,1.325495719909668
50,2,PCNNLarge,6,25,0.01,1.3896613121032715
50,2,PCNNLarge,6,25,0.1,6.356114387512207
50,2,PCNNLarge,6,100,0.0,1.3188917636871338
50,2,PCNNLarge,6,100,0.01,1.352217435836792
50,2,PCNNLarge,6,100,0.1,3.0708937644958496
50,5,FCNNSmall,3,5,0.0,3.4243927001953125
50,5,FCNNSmall,3,5,0.01,2.5607504844665527
50,5,FCNNSmall,3,5,0.1,4.391822814941406
50,5,FCNNSmall,3,25,0.0,2.1971006393432617
50,5,FCNNSmall,3,25,0.01,2.1931674480438232
50,5,FCNNSmall,3,25,0.1,2.283214807510376
50,5,FCNNSmall,3,100,0.0,2.1603803634643555
50,5,FCNNSmall,3,100,0.01,2.1159918308258057
50,5,FCNNSmall,3,100,0.1,2.1217563152313232
50,5,FCNNSmall,4,5,0.0,2.205111503601074
50,5,FCNNSmall,4,5,0.01,2.364530563354492
50,5,FCNNSmall,4,5,0.1,5.451821804046631
50,5,FCNNSmall,4,25,0.0,2.1209919452667236
50,5,FCNNSmall,4,25,0.01,2.099090814590454
50,5,FCNNSmall,4,25,0.1,3.383883476257324
50,5,FCNNSmall,4,100,0.0,2.118474006652832
50,5,FCNNSmall,4,100,0.01,2.1112060546875
50,5,FCNNSmall,4,100,0.1,2.670865058898926
50,5,FCNNSmall,5,5,0.0,2.135659694671631
50,5,FCNNSmall,5,5,0.01,2.265575885772705
50,5,FCNNSmall,5,5,0.1,6.213519096374512
50,5,FCNNSmall,5,25,0.0,2.0936732292175293
50,5,FCNNSmall,5,25,0.01,2.112039089202881
50,5,FCNNSmall,5,25,0.1,4.83021879196167
50,5,FCNNSmall,5,100,0.0,2.113520383834839
50,5,FCNNSmall,5,100,0.01,2.128063917160034
50,5,FCNNSmall,5,100,0.1,4.899394512176514
50,5,FCNNSmall,6,5,0.0,2.1801655292510986
50,5,FCNNSmall,6,5,0.01,2.2870328426361084
50,5,FCNNSmall,6,5,0.1,8.834300994873047
50,5,FCNNSmall,6,25,0.0,2.078108787536621
50,5,FCNNSmall,6,25,0.01,2.117926597595215
50,5,FCNNSmall,6,25,0.1,9.000016212463379
50,5,FCNNSmall,6,100,0.0,2.1061031818389893
50,5,FCNNSmall,6,100,0.01,2.155182123184204
50,5,FCNNSmall,6,100,0.1,5.83764123916626
50,5,PCNNSmall,3,5,0.0,2.269325017929077
50,5,PCNNSmall,3,5,0.01,2.2026190757751465
50,5,PCNNSmall,3,5,0.1,2.829671859741211
50,5,PCNNSmall,3,25,0.0,2.1292903423309326
50,5,PCNNSmall,3,25,0.01,2.1153404712677
50,5,PCNNSmall,3,25,0.1,2.282546281814575
50,5,PCNNSmall,3,100,0.0,2.136899471282959
50,5,PCNNSmall,3,100,0.01,2.1572155952453613
50,5,PCNNSmall,3,100,0.1,2.11604905128479
50,5,PCNNSmall,4,5,0.0,2.2259328365325928
50,5,PCNNSmall,4,5,0.01,2.2804903984069824
50,5,PCNNSmall,4,5,0.1,4.300675392150879
50,5,PCNNSmall,4,25,0.0,2.0913326740264893
50,5,PCNNSmall,4,25,0.01,2.079216480255127
50,5,PCNNSmall,4,25,0.1,2.4563515186309814
50,5,PCNNSmall,4,100,0.0,2.100642204284668
50,5,PCNNSmall,4,100,0.01,2.0979349613189697
50,5,PCNNSmall,4,100,0.1,2.1884586811065674
50,5,PCNNSmall,5,5,0.0,2.1213860511779785
50,5,PCNNSmall,5,5,0.01,2.2949140071868896
50,5,PCNNSmall,5,5,0.1,5.837946891784668
50,5,PCNNSmall,5,25,0.0,2.0849180221557617
50,5,PCNNSmall,5,25,0.01,2.0865001678466797
50,5,PCNNSmall,5,25,0.1,3.8802621364593506
50,5,PCNNSmall,5,100,0.0,2.1068944931030273
50,5,PCNNSmall,5,100,0.01,2.092216968536377
50,5,PCNNSmall,5,100,0.1,3.1190948486328125
50,5,PCNNSmall,6,5,0.0,2.228910207748413
50,5,PCNNSmall,6,5,0.01,2.318556070327759
50,5,PCNNSmall,6,5,0.1,9.015074729919434
50,5,PCNNSmall,6,25,0.0,2.0811564922332764
50,5,PCNNSmall,6,25,0.01,2.098414421081543
50,5,PCNNSmall,6,25,0.1,6.100103378295898
50,5,PCNNSmall,6,100,0.0,2.0701100826263428
50,5,PCNNSmall,6,100,0.01,2.099048376083374
50,5,PCNNSmall,6,100,0.1,3.489426851272583
50,5,FCNNLarge,3,5,0.0,3.0702431201934814
50,5,FCNNLarge,3,5,0.01,1.744925856590271
50,5,FCNNLarge,3,5,0.1,3.6592447757720947
50,5,FCNNLarge,3,25,0.0,1.379988431930542
50,5,FCNNLarge,3,25,0.01,1.415395975112915
50,5,FCNNLarge,3,25,0.1,1.492546796798706
50,5,FCNNLarge,3,100,0.0,1.3812634944915771
50,5,FCNNLarge,3,100,0.01,1.3793832063674927
50,5,FCNNLarge,3,100,0.1,1.3920257091522217
50,5,FCNNLarge,4,5,0.0,1.5083210468292236
50,5,FCNNLarge,4,5,0.01,1.9888960123062134
50,5,FCNNLarge,4,5,0.1,4.372652530670166
50,5,FCNNLarge,4,25,0.0,1.3432151079177856
50,5,FCNNLarge,4,25,0.01,1.3579593896865845
50,5,FCNNLarge,4,25,0.1,2.950977325439453
50,5,FCNNLarge,4,100,0.0,1.3413933515548706
50,5,FCNNLarge,4,100,0.01,1.3384766578674316
50,5,FCNNLarge,4,100,0.1,2.081989288330078
50,5,FCNNLarge,5,5,0.0,1.5323141813278198
50,5,FCNNLarge,5,5,0.01,1.4903348684310913
50,5,FCNNLarge,5,5,0.1,6.123175144195557
50,5,FCNNLarge,5,25,0.0,1.3279528617858887
50,5,FCNNLarge,5,25,0.01,1.3411401510238647
50,5,FCNNLarge,5,25,0.1,6.821542739868164
50,5,FCNNLarge,5,100,0.0,1.3605386018753052
50,5,FCNNLarge,5,100,0.01,1.3703151941299438
50,5,FCNNLarge,5,100,0.1,4.3855438232421875
50,5,FCNNLarge,6,5,0.0,1.383725643157959
50,5,FCNNLarge,6,5,0.01,1.452924370765686
50,5,FCNNLarge,6,5,0.1,9.338197708129883
50,5,FCNNLarge,6,25,0.0,1.330094814300537
50,5,FCNNLarge,6,25,0.01,1.4083164930343628
50,5,FCNNLarge,6,25,0.1,8.603972434997559
50,5,FCNNLarge,6,100,0.0,1.3372946977615356
50,5,FCNNLarge,6,100,0.01,1.4197874069213867
50,5,FCNNLarge,6,100,0.1,6.469532012939453
50,5,PCNNLarge,3,5,0.0,1.6456915140151978
50,5,PCNNLarge,3,5,0.01,1.6869839429855347
50,5,PCNNLarge,3,5,0.1,2.2396240234375
50,5,PCNNLarge,3,25,0.0,1.3542333841323853
50,5,PCNNLarge,3,25,0.01,1.4518139362335205
50,5,PCNNLarge,3,25,0.1,1.7931220531463623
50,5,PCNNLarge,3,100,0.0,1.355621576309204
50,5,PCNNLarge,3,100,0.01,1.3671598434448242
50,5,PCNNLarge,3,100,0.1,1.4786752462387085
50,5,PCNNLarge,4,5,0.0,1.3931262493133545
50,5,PCNNLarge,4,5,0.01,1.5019198656082153
50,5,PCNNLarge,4,5,0.1,2.5269112586975098
50,5,PCNNLarge,4,25,0.0,1.3423434495925903
50,5,PCNNLarge,4,25,0.01,1.3464511632919312
50,5,PCNNLarge,4,25,0.1,1.6795486211776733
50,5,PCNNLarge,4,100,0.0,1.3378456830978394
50,5,PCNNLarge,4,100,0.01,1.3368077278137207
50,5,PCNNLarge,4,100,0.1,1.8535722494125366
50,5,PCNNLarge,5,5,0.0,1.3347464799880981
50,5,PCNNLarge,5,5,0.01,1.4996241331100464
50,5,PCNNLarge,5,5,0.1,5.647196292877197
50,5,PCNNLarge,5,25,0.0,1.3191288709640503
50,5,PCNNLarge,5,25,0.01,1.3651607036590576
50,5,PCNNLarge,5,25,0.1,4.246023654937744
50,5,PCNNLarge,5,100,0.0,1.3263030052185059
50,5,PCNNLarge,5,100,0.01,1.3355307579040527
50,5,PCNNLarge,5,100,0.1,2.938488721847534
50,5,PCNNLarge,6,5,0.0,1.386907696723938
50,5,PCNNLarge,6,5,0.01,1.4995836019515991
50,5,PCNNLarge,6,5,0.1,4.772018909454346
50,5,PCNNLarge,6,25,0.0,1.321847915649414
50,5,PCNNLarge,6,25,0.01,1.4017715454101562
50,5,PCNNLarge,6,25,0.1,6.305915355682373
50,5,PCNNLarge,6,100,0.0,1.3259812593460083
50,5,PCNNLarge,6,100,0.01,1.3473910093307495
50,5,PCNNLarge,6,100,0.1,3.117311716079712
50,10,FCNNSmall,3,5,0.0,3.3562071323394775
50,10,FCNNSmall,3,5,0.01,2.5186381340026855
50,10,FCNNSmall,3,5,0.1,4.285235404968262
50,10,FCNNSmall,3,25,0.0,2.1092352867126465
50,10,FCNNSmall,3,25,0.01,2.182316780090332
50,10,FCNNSmall,3,25,0.1,2.2482876777648926
50,10,FCNNSmall,3,100,0.0,2.1295530796051025
50,10,FCNNSmall,3,100,0.01,2.092564105987549
50,10,FCNNSmall,3,100,0.1,2.156456232070923
50,10,FCNNSmall,4,5,0.0,3.177823066711426
50,10,FCNNSmall,4,5,0.01,2.182767629623413
50,10,FCNNSmall,4,5,0.1,4.874192714691162
50,10,FCNNSmall,4,25,0.0,2.057265043258667
50,10,FCNNSmall,4,25,0.01,2.0888755321502686
50,10,FCNNSmall,4,25,0.1,3.9826626777648926
50,10,FCNNSmall,4,100,0.0,2.057018756866455
50,10,FCNNSmall,4,100,0.01,2.055823802947998
50,10,FCNNSmall,4,100,0.1,3.548198699951172
50,10,FCNNSmall,5,5,0.0,2.260185718536377
50,10,FCNNSmall,5,5,0.01,2.309980630874634
50,10,FCNNSmall,5,5,0.1,7.044055461883545
50,10,FCNNSmall,5,25,0.0,2.0317323207855225
50,10,FCNNSmall,5,25,0.01,2.066422700881958
50,10,FCNNSmall,5,25,0.1,6.20114278793335
50,10,FCNNSmall,5,100,0.0,2.0633301734924316
50,10,FCNNSmall,5,100,0.01,2.0687508583068848
50,10,FCNNSmall,5,100,0.1,5.292636871337891
50,10,FCNNSmall,6,5,0.0,2.1139447689056396
50,10,FCNNSmall,6,5,0.01,2.188204050064087
50,10,FCNNSmall,6,5,0.1,7.646702289581299
50,10,FCNNSmall,6,25,0.0,2.0631675720214844
50,10,FCNNSmall,6,25,0.01,2.0561084747314453
50,10,FCNNSmall,6,25,0.1,7.173733234405518
50,10,FCNNSmall,6,100,0.0,2.0574233531951904
50,10,FCNNSmall,6,100,0.01,2.1097676753997803
50,10,FCNNSmall,6,100,0.1,7.8429670333862305
50,10,PCNNSmall,3,5,0.0,2.1606104373931885
50,10,PCNNSmall,3,5,0.01,2.1472926139831543
50,10,PCNNSmall,3,5,0.1,2.6301865577697754
50,10,PCNNSmall,3,25,0.0,2.104672431945801
50,10,PCNNSmall,3,25,0.01,2.0509417057037354
50,10,PCNNSmall,3,25,0.1,2.2884774208068848
50,10,PCNNSmall,3,100,0.0,2.109222412109375
50,10,PCNNSmall,3,100,0.01,2.1125011444091797
50,10,PCNNSmall,3,100,0.1,2.0943853855133057
50,10,PCNNSmall,4,5,0.0,2.1964006423950195
50,10,PCNNSmall,4,5,0.01,2.391223907470703
50,10,PCNNSmall,4,5,0.1,3.915469169616699
50,10,PCNNSmall,4,25,0.0,2.040351390838623
50,10,PCNNSmall,4,25,0.01,2.065095901489258
50,10,PCNNSmall,4,25,0.1,2.4882194995880127
50,10,PCNNSmall,4,100,0.0,2.054511785507202
50,10,PCNNSmall,4,100,0.01,2.071977138519287
50,10,PCNNSmall,4,100,0.1,2.2164785861968994
50,10,PCNNSmall,5,5,0.0,2.210440158843994
50,10,PCNNSmall,5,5,0.01,2.1926567554473877
50,10,PCNNSmall,5,5,0.1,6.871554374694824
50,10,PCNNSmall,5,25,0.0,2.0303962230682373
50,10,PCNNSmall,5,25,0.01,2.0375330448150635
50,10,PCNNSmall,5,25,0.1,3.9256277084350586
50,10,PCNNSmall,5,100,0.0,2.044311285018921
50,10,PCNNSmall,5,100,0.01,2.0388879776000977
50,10,PCNNSmall,5,100,0.1,3.698625326156616
50,10,PCNNSmall,6,5,0.0,2.212244749069214
50,10,PCNNSmall,6,5,0.01,2.281299352645874
50,10,PCNNSmall,6,5,0.1,9.25890064239502
50,10,PCNNSmall,6,25,0.0,2.0388190746307373
50,10,PCNNSmall,6,25,0.01,2.051870346069336
50,10,PCNNSmall,6,25,0.1,5.940587043762207
50,10,PCNNSmall,6,100,0.0,2.0412092208862305
50,10,PCNNSmall,6,100,0.01,2.0772979259490967
50,10,PCNNSmall,6,100,0.1,4.133450984954834
50,10,FCNNLarge,3,5,0.0,3.0354793071746826
50,10,FCNNLarge,3,5,0.01,1.7540448904037476
50,10,FCNNLarge,3,5,0.1,3.6050961017608643
50,10,FCNNLarge,3,25,0.0,1.368273377418518
50,10,FCNNLarge,3,25,0.01,1.4153249263763428
50,10,FCNNLarge,3,25,0.1,1.7389799356460571
50,10,FCNNLarge,3,100,0.0,1.3702930212020874
50,10,FCNNLarge,3,100,0.01,1.3700975179672241
50,10,FCNNLarge,3,100,0.1,1.4211196899414062
50,10,FCNNLarge,4,5,0.0,1.5306297540664673
50,10,FCNNLarge,4,5,0.01,1.9926564693450928
50,10,FCNNLarge,4,5,0.1,5.548356533050537
50,10,FCNNLarge,4,25,0.0,1.3373186588287354
50,10,FCNNLarge,4,25,0.01,1.3779574632644653
50,10,FCNNLarge,4,25,0.1,2.7323553562164307
50,10,FCNNLarge,4,100,0.0,1.3574848175048828
50,10,FCNNLarge,4,100,0.01,1.3350971937179565
50,10,FCNNLarge,4,100,0.1,2.5628557205200195
50,10,FCNNLarge,5,5,0.0,1.5090559720993042
50,10,FCNNLarge,5,5,0.01,1.482919454574585
50,10,FCNNLarge,5,5,0.1,6.780483722686768
50,10,FCNNLarge,5,25,0.0,1.3443541526794434
50,10,FCNNLarge,5,25,0.01,1.3785358667373657
50,10,FCNNLarge,5,25,0.1,6.20282506942749
50,10,FCNNLarge,5,100,0.0,1.3337368965148926
50,10,FCNNLarge,5,100,0.01,1.3603321313858032
50,10,FCNNLarge,5,100,0.1,4.907654762268066
50,10,FCNNLarge,6,5,0.0,1.4056612253189087
50,10,FCNNLarge,6,5,0.01,1.5190370082855225
50,10,FCNNLarge,6,5,0.1,8.148195266723633
50,10,FCNNLarge,6,25,0.0,1.3355623483657837
50,10,FCNNLarge,6,25,0.01,1.4074532985687256
50,10,FCNNLarge,6,25,0.1,9.215829849243164
50,10,FCNNLarge,6,100,0.0,1.3328063488006592
50,10,FCNNLarge,6,100,0.01,1.3850665092468262
50,10,FCNNLarge,6,100,0.1,5.6866888999938965
50,10,PCNNLarge,3,5,0.0,1.6542696952819824
50,10,PCNNLarge,3,5,0.01,1.7005605697631836
50,10,PCNNLarge,3,5,0.1,2.2315335273742676
50,10,PCNNLarge,3,25,0.0,1.3775041103363037
50,10,PCNNLarge,3,25,0.01,1.4315292835235596
50,10,PCNNLarge,3,25,0.1,1.7887961864471436
50,10,PCNNLarge,3,100,0.0,1.3663208484649658
50,10,PCNNLarge,3,100,0.01,1.3649003505706787
50,10,PCNNLarge,3,100,0.1,1.4653726816177368
50,10,PCNNLarge,4,5,0.0,1.3795982599258423
50,10,PCNNLarge,4,5,0.01,1.499759316444397
50,10,PCNNLarge,4,5,0.1,2.811835527420044
50,10,PCNNLarge,4,25,0.0,1.3382453918457031
50,10,PCNNLarge,4,25,0.01,1.3644884824752808
50,10,PCNNLarge,4,25,0.1,2.2217700481414795
50,10,PCNNLarge,4,100,0.0,1.3369998931884766
50,10,PCNNLarge,4,100,0.01,1.3324110507965088
50,10,PCNNLarge,4,100,0.1,1.802206039428711
50,10,PCNNLarge,5,5,0.0,1.3515757322311401
50,10,PCNNLarge,5,5,0.01,1.4956470727920532
50,10,PCNNLarge,5,5,0.1,4.429769515991211
50,10,PCNNLarge,5,25,0.0,1.3263959884643555
50,10,PCNNLarge,5,25,0.01,1.35650634765625
50,10,PCNNLarge,5,25,0.1,4.206740379333496
50,10,PCNNLarge,5,100,0.0,1.3254520893096924
50,10,PCNNLarge,5,100,0.01,1.3331551551818848
50,10,PCNNLarge,5,100,0.1,2.8075783252716064
50,10,PCNNLarge,6,5,0.0,1.3942663669586182
50,10,PCNNLarge,6,5,0.01,1.5379667282104492
50,10,PCNNLarge,6,5,0.1,6.932259559631348
50,10,PCNNLarge,6,25,0.0,1.3294347524642944
50,10,PCNNLarge,6,25,0.01,1.3846642971038818
50,10,PCNNLarge,6,25,0.1,6.562126159667969
50,10,PCNNLarge,6,100,0.0,1.3267431259155273
50,10,PCNNLarge,6,100,0.01,1.3584117889404297
50,10,PCNNLarge,6,100,0.1,4.176145553588867
100,1,FCNNSmall,3,5,0.0,3.1643617153167725
100,1,FCNNSmall,3,5,0.01,2.4878947734832764
100,1,FCNNSmall,3,5,0.1,3.597033739089966
100,1,FCNNSmall,3,25,0.0,2.1117336750030518
100,1,FCNNSmall,3,25,0.01,2.1068367958068848
100,1,FCNNSmall,3,25,0.1,2.378310441970825
100,1,FCNNSmall,3,100,0.0,2.1758806705474854
100,1,FCNNSmall,3,100,0.01,2.0770766735076904
100,1,FCNNSmall,3,100,0.1,2.1632838249206543
100,1,FCNNSmall,4,5,0.0,3.330930233001709
100,1,FCNNSmall,4,5,0.01,2.471898078918457
100,1,FCNNSmall,4,5,0.1,4.452144145965576
100,1,FCNNSmall,4,25,0.0,2.052137851715088
100,1,FCNNSmall,4,25,0.01,2.11972713470459
100,1,FCNNSmall,4,25,0.1,3.244656801223755
100,1,FCNNSmall,4,100,0.0,2.119356155395508
100,1,FCNNSmall,4,100,0.01,2.0844061374664307
100,1,FCNNSmall,4,100,0.1,3.235837697982788
100,1,FCNNSmall,5,5,0.0,2.2386815547943115
100,1,FCNNSmall,5,5,0.01,2.433779001235962
100,1,FCNNSmall,5,5,0.1,9.847393989562988
100,1,FCNNSmall,5,25,0.0,2.074052095413208
100,1,FCNNSmall,5,25,0.01,2.086380958557129
100,1,FCNNSmall,5,25,0.1,7.6583967208862305
100,1,FCNNSmall,5,100,0.0,2.0692248344421387
100,1,FCNNSmall,5,100,0.01,2.087477684020996
100,1,FCNNSmall,5,100,0.1,5.517735958099365
100,1,FCNNSmall,6,5,0.0,2.1376230716705322
100,1,FCNNSmall,6,5,0.01,2.5701022148132324
100,1,FCNNSmall,6,5,0.1,12.193928718566895
100,1,FCNNSmall,6,25,0.0,2.056286096572876
100,1,FCNNSmall,6,25,0.01,2.1085808277130127
100,1,FCNNSmall,6,25,0.1,9.111455917358398
100,1,FCNNSmall,6,100,0.0,2.08364200592041
100,1,FCNNSmall,6,100,0.01,2.124558210372925
100,1,FCNNSmall,6,100,0.1,6.4712815284729
100,1,PCNNSmall,3,5,0.0,2.849156141281128
100,1,PCNNSmall,3,5,0.01,2.2305593490600586
100,1,PCNNSmall,3,5,0.1,3.036541700363159
100,1,PCNNSmall,3,25,0.0,2.0627427101135254
100,1,PCNNSmall,3,25,0.01,2.0432541370391846
100,1,PCNNSmall,3,25,0.1,2.3310835361480713
100,1,PCNNSmall,3,100,0.0,2.0860562324523926
100,1,PCNNSmall,3,100,0.01,2.0867063999176025
100,1,PCNNSmall,3,100,0.1,2.0705103874206543
100,1,PCNNSmall,4,5,0.0,2.1671485900878906
100,1,PCNNSmall,4,5,0.01,2.373885154724121
100,1,PCNNSmall,4,5,0.1,4.234465599060059
100,1,PCNNSmall,4,25,0.0,2.0562291145324707
100,1,PCNNSmall,4,25,0.01,2.05387544631958
100,1,PCNNSmall,4,25,0.1,2.475982427597046
100,1,PCNNSmall,4,100,0.0,2.0230677127838135
100,1,PCNNSmall,4,100,0.01,2.0458362102508545
100,1,PCNNSmall,4,100,0.1,2.1549482345581055
100,1,PCNNSmall,5,5,0.0,2.1390140056610107
100,1,PCNNSmall,5,5,0.01,2.5062408447265625
100,1,PCNNSmall,5,5,0.1,7.140149116516113
100,1,PCNNSmall,5,25,0.0,2.011000871658325
100,1,PCNNSmall,5,25,0.01,2.0484468936920166
100,1,PCNNSmall,5,25,0.1,3.1071958541870117
100,1,PCNNSmall,5,100,0.0,2.0467400550842285
100,1,PCNNSmall,5,100,0.01,2.053586483001709
100,1,PCNNSmall,5,100,0.1,2.4043426513671875
100,1,PCNNSmall,6,5,0.0,2.113344192504883
100,1,PCNNSmall,6,5,0.01,2.4227535724639893
100,1,PCNNSmall,6,5,0.1,8.712261199951172
100,1,PCNNSmall,6,25,0.0,2.023984909057617
100,1,PCNNSmall,6,25,0.01,2.0555524826049805
100,1,PCNNSmall,6,25,0.1,6.663352966308594
100,1,PCNNSmall,6,100,0.0,2.0193982124328613
100,1,PCNNSmall,6,100,0.01,2.0804452896118164
100,1,PCNNSmall,6,100,0.1,2.450824737548828
100,1,FCNNLarge,3,5,0.0,2.430868148803711
100,1,FCNNLarge,3,5,0.01,1.570591926574707
100,1,FCNNLarge,3,5,0.1,2.743063449859619
100,1,FCNNLarge,3,25,0.0,1.0845770835876465
100,1,FCNNLarge,3,25,0.01,1.0815013647079468
100,1,FCNNLarge,3,25,0.1,1.3522632122039795
100,1,FCNNLarge,3,100,0.0,1.059370517730713
100,1,FCNNLarge,3,100,0.01,1.0592411756515503
100,1,FCNNLarge,3,100,0.1,1.1651805639266968
100,1,FCNNLarge,4,5,0.0,1.251378059387207
100,1,FCNNLarge,4,5,0.01,1.6894210577011108
100,1,FCNNLarge,4,5,0.1,5.081411838531494
100,1,FCNNLarge,4,25,0.0,1.0401384830474854
100,1,FCNNLarge,4,25,0.01,1.0779213905334473
100,1,FCNNLarge,4,25,0.1,3.846066474914551
100,1,FCNNLarge,4,100,0.0,1.0421524047851562
100,1,FCNNLarge,4,100,0.01,1.028617024421692
100,1,FCNNLarge,4,100,0.1,3.2854485511779785
100,1,FCNNLarge,5,5,0.0,1.0807117223739624
100,1,FCNNLarge,5,5,0.01,1.4690495729446411
100,1,FCNNLarge,5,5,0.1,9.872468948364258
100,1,FCNNLarge,5,25,0.0,1.0460476875305176
100,1,FCNNLarge,5,25,0.01,1.1019140481948853
100,1,FCNNLarge,5,25,0.1,6.81804895401001
100,1,FCNNLarge,5,100,0.0,1.031754970550537
100,1,FCNNLarge,5,100,0.01,1.0590468645095825
100,1,FCNNLarge,5,100,0.1,6.016458988189697
100,1,FCNNLarge,6,5,0.0,1.2172833681106567
100,1,FCNNLarge,6,5,0.01,1.3383021354675293
100,1,FCNNLarge,6,5,0.1,10.505399703979492
100,1,FCNNLarge,6,25,0.0,1.0217273235321045
100,1,FCNNLarge,6,25,0.01,1.2826133966445923
100,1,FCNNLarge,6,25,0.1,9.057918548583984
100,1,FCNNLarge,6,100,0.0,1.0385297536849976
100,1,FCNNLarge,6,100,0.01,1.2476240396499634
100,1,FCNNLarge,6,100,0.1,6.381417751312256
100,1,PCNNLarge,3,5,0.0,1.3264480829238892
100,1,PCNNLarge,3,5,0.01,1.579025149345398
100,1,PCNNLarge,3,5,0.1,2.488042116165161
100,1,PCNNLarge,3,25,0.0,1.0840429067611694
100,1,PCNNLarge,3,25,0.01,1.2219820022583008
100,1,PCNNLarge,3,25,0.1,1.7050740718841553
100,1,PCNNLarge,3,100,0.0,1.0713260173797607
100,1,PCNNLarge,3,100,0.01,1.0422598123550415
100,1,PCNNLarge,3,100,0.1,1.261910080909729
100,1,PCNNLarge,4,5,0.0,1.2637569904327393
100,1,PCNNLarge,4,5,0.01,1.4053055047988892
100,1,PCNNLarge,4,5,0.1,3.1725916862487793
100,1,PCNNLarge,4,25,0.0,1.019483208656311
100,1,PCNNLarge,4,25,0.01,1.0582621097564697
100,1,PCNNLarge,4,25,0.1,2.251750946044922
100,1,PCNNLarge,4,100,0.0,1.0243045091629028
100,1,PCNNLarge,4,100,0.01,1.0231337547302246
100,1,PCNNLarge,4,100,0.1,1.5250617265701294
100,1,PCNNLarge,5,5,0.0,1.080273151397705
100,1,PCNNLarge,5,5,0.01,1.515189528465271
100,1,PCNNLarge,5,5,0.1,7.3874616622924805
100,1,PCNNLarge,5,25,0.0,1.0119855403900146
100,1,PCNNLarge,5,25,0.01,1.1024093627929688
100,1,PCNNLarge,5,25,0.1,3.088139295578003
100,1,PCNNLarge,5,100,0.0,1.008337140083313
100,1,PCNNLarge,5,100,0.01,1.071582555770874
100,1,PCNNLarge,5,100,0.1,2.6451332569122314
100,1,PCNNLarge,6,5,0.0,1.1171058416366577
100,1,PCNNLarge,6,5,0.01,1.6904805898666382
100,1,PCNNLarge,6,5,0.1,3.5148448944091797
100,1,PCNNLarge,6,25,0.0,1.0069892406463623
100,1,PCNNLarge,6,25,0.01,1.1686584949493408
100,1,PCNNLarge,6,25,0.1,7.993117332458496
100,1,PCNNLarge,6,100,0.0,1.0028085708618164
100,1,PCNNLarge,6,100,0.01,1.0647848844528198
100,1,PCNNLarge,6,100,0.1,3.569063425064087
100,2,FCNNSmall,3,5,0.0,3.219109296798706
100,2,FCNNSmall,3,5,0.01,2.2509384155273438
100,2,FCNNSmall,3,5,0.1,3.3264458179473877
100,2,FCNNSmall,3,25,0.0,1.857507348060608
100,2,FCNNSmall,3,25,0.01,1.9079351425170898
100,2,FCNNSmall,3,25,0.1,2.1710100173950195
100,2,FCNNSmall,3,100,0.0,1.890136957168579
100,2,FCNNSmall,3,100,0.01,1.81743323802948
100,2,FCNNSmall,3,100,0.1,1.9156736135482788
100,2,FCNNSmall,4,5,0.0,3.218141555786133
100,2,FCNNSmall,4,5,0.01,2.4094154834747314
100,2,FCNNSmall,4,5,0.1,5.438927173614502
100,2,FCNNSmall,4,25,0.0,1.7959426641464233
100,2,FCNNSmall,4,25,0.01,1.8389949798583984
100,2,FCNNSmall,4,25,0.1,3.7127737998962402
100,2,FCNNSmall,4,100,0.0,1.8372302055358887
100,2,FCNNSmall,4,100,0.01,1.8349496126174927
100,2,FCNNSmall,4,100,0.1,3.5998260974884033
100,2,FCNNSmall,5,5,0.0,2.0565192699432373
100,2,FCNNSmall,5,5,0.01,2.212214469909668
100,2,FCNNSmall,5,5,0.1,9.618871688842773
100,2,FCNNSmall,5,25,0.0,1.8005114793777466
100,2,FCNNSmall,5,25,0.01,1.8485898971557617
100,2,FCNNSmall,5,25,0.1,7.050285816192627
100,2,FCNNSmall,5,100,0.0,1.8237013816833496
100,2,FCNNSmall,5,100,0.01,1.8696820735931396
100,2,FCNNSmall,5,100,0.1,5.477663040161133
100,2,FCNNSmall,6,5,0.0,2.0360422134399414
100,2,FCNNSmall,6,5,0.01,2.3502559661865234
100,2,FCNNSmall,6,5,0.1,11.580904960632324
100,2,FCNNSmall,6,25,0.0,1.779724359512329
100,2,FCNNSmall,6,25,0.01,1.867503046989441
100,2,FCNNSmall,6,25,0.1,8.771848678588867
100,2,FCNNSmall,6,100,0.0,1.8134112358093262
100,2,FCNNSmall,6,100,0.01,1.8844780921936035
100,2,FCNNSmall,6,100,0.1,6.900436878204346
100,2,PCNNSmall,3,5,0.0,1.9041293859481812
100,2,PCNNSmall,3,5,0.01,2.06653094291687
100,2,PCNNSmall,3,5,0.1,3.0113019943237305
100,2,PCNNSmall,3,25,0.0,1.8910119533538818
100,2,PCNNSmall,3,25,0.01,1.8281371593475342
100,2,PCNNSmall,3,25,0.1,2.182591676712036
100,2,PCNNSmall,3,100,0.0,1.8302431106567383
100,2,PCNNSmall,3,100,0.01,1.843185305595398
100,2,PCNNSmall,3,100,0.1,1.8865996599197388
100,2,PCNNSmall,4,5,0.0,1.889740228652954
100,2,PCNNSmall,4,5,0.01,2.4199719429016113
100,2,PCNNSmall,4,5,0.1,4.940801620483398
100,2,PCNNSmall,4,25,0.0,1.7851791381835938
100,2,PCNNSmall,4,25,0.01,1.8124982118606567
100,2,PCNNSmall,4,25,0.1,2.2556378841400146
100,2,PCNNSmall,4,100,0.0,1.825661063194275
100,2,PCNNSmall,4,100,0.01,1.8070180416107178
100,2,PCNNSmall,4,100,0.1,1.9651755094528198
100,2,PCNNSmall,5,5,0.0,1.8203181028366089
100,2,PCNNSmall,5,5,0.01,2.251168727874756
100,2,PCNNSmall,5,5,0.1,6.201918601989746
100,2,PCNNSmall,5,25,0.0,1.7890573740005493
100,2,PCNNSmall,5,25,0.01,1.823505163192749
100,2,PCNNSmall,5,25,0.1,4.628805160522461
100,2,PCNNSmall,5,100,0.0,1.7897039651870728
100,2,PCNNSmall,5,100,0.01,1.8173154592514038
100,2,PCNNSmall,5,100,0.1,2.6812801361083984
100,2,PCNNSmall,6,5,0.0,1.8782788515090942
100,2,PCNNSmall,6,5,0.01,2.197678804397583
100,2,PCNNSmall,6,5,0.1,10.869848251342773
100,2,PCNNSmall,6,25,0.0,1.7825242280960083
100,2,PCNNSmall,6,25,0.01,1.8077430725097656
100,2,PCNNSmall,6,25,0.1,6.494523048400879
100,2,PCNNSmall,6,100,0.0,1.7972217798233032
100,2,PCNNSmall,6,100,0.01,1.8396170139312744
100,2,PCNNSmall,6,100,0.1,3.5282328128814697
100,2,FCNNLarge,3,5,0.0,1.2810019254684448
100,2,FCNNLarge,3,5,0.01,1.563923716545105
100,2,FCNNLarge,3,5,0.1,2.715874433517456
100,2,FCNNLarge,3,25,0.0,1.0564720630645752
100,2,FCNNLarge,3,25,0.01,1.1060760021209717
100,2,FCNNLarge,3,25,0.1,1.3432788848876953
100,2,FCNNLarge,3,100,0.0,1.0621498823165894
100,2,FCNNLarge,3,100,0.01,1.0560566186904907
100,2,FCNNLarge,3,100,0.1,1.197937250137329
100,2,FCNNLarge,4,5,0.0,1.8399494886398315
100,2,FCNNLarge,4,5,0.01,1.954358696937561
100,2,FCNNLarge,4,5,0.1,5.476936340332031
100,2,FCNNLarge,4,25,0.0,1.033416986465454
100,2,FCNNLarge,4,25,0.01,1.0676178932189941
100,2,FCNNLarge,4,25,0.1,3.3207504749298096
100,2,FCNNLarge,4,100,0.0,1.051076889038086
100,2,FCNNLarge,4,100,0.01,1.0386232137680054
100,2,FCNNLarge,4,100,0.1,2.591491222381592
100,2,FCNNLarge,5,5,0.0,1.0880545377731323
100,2,FCNNLarge,5,5,0.01,1.4013996124267578
100,2,FCNNLarge,5,5,0.1,8.511269569396973
100,2,FCNNLarge,5,25,0.0,1.0223913192749023
100,2,FCNNLarge,5,25,0.01,1.0794342756271362
100,2,FCNNLarge,5,25,0.1,8.915186882019043
100,2,FCNNLarge,5,100,0.0,1.0401264429092407
100,2,FCNNLarge,5,100,0.01,1.1092559099197388
100,2,FCNNLarge,5,100,0.1,6.15602445602417
100,2,FCNNLarge,6,5,0.0,1.088484525680542
100,2,FCNNLarge,6,5,0.01,1.5632978677749634
100,2,FCNNLarge,6,5,0.1,11.128565788269043
100,2,FCNNLarge,6,25,0.0,1.0263361930847168
100,2,FCNNLarge,6,25,0.01,1.196962833404541
100,2,FCNNLarge,6,25,0.1,9.03018569946289
100,2,FCNNLarge,6,100,0.0,1.0375926494598389
100,2,FCNNLarge,6,100,0.01,1.2320886850357056
100,2,FCNNLarge,6,100,0.1,7.619252681732178
100,2,PCNNLarge,3,5,0.0,1.3130683898925781
100,2,PCNNLarge,3,5,0.01,1.5176960229873657
100,2,PCNNLarge,3,5,0.1,2.4224774837493896
100,2,PCNNLarge,3,25,0.0,1.107668161392212
100,2,PCNNLarge,3,25,0.01,1.1964527368545532
100,2,PCNNLarge,3,25,0.1,1.6699066162109375
100,2,PCNNLarge,3,100,0.0,1.0681060552597046
100,2,PCNNLarge,3,100,0.01,1.045521855354309
100,2,PCNNLarge,3,100,0.1,1.211715579032898
100,2,PCNNLarge,4,5,0.0,1.257218360900879
100,2,PCNNLarge,4,5,0.01,1.4219202995300293
100,2,PCNNLarge,4,5,0.1,3.069819688796997
100,2,PCNNLarge,4,25,0.0,1.0583641529083252
100,2,PCNNLarge,4,25,0.01,1.0531219244003296
100,2,PCNNLarge,4,25,0.1,2.1932597160339355
100,2,PCNNLarge,4,100,0.0,1.015616536140442
100,2,PCNNLarge,4,100,0.01,1.0160470008850098
100,2,PCNNLarge,4,100,0.1,1.572138786315918
100,2,PCNNLarge,5,5,0.0,1.0303062200546265
100,2,PCNNLarge,5,5,0.01,1.526378870010376
100,2,PCNNLarge,5,5,0.1,7.735832691192627
100,2,PCNNLarge,5,25,0.0,0.9985043406486511
100,2,PCNNLarge,5,25,0.01,1.0933994054794312
100,2,PCNNLarge,5,25,0.1,3.3767220973968506
100,2,PCNNLarge,5,100,0.0,1.0006555318832397
100,2,PCNNLarge,5,100,0.01,1.0633394718170166
100,2,PCNNLarge,5,100,0.1,2.9406187534332275
100,2,PCNNLarge,6,5,0.0,1.126023292541504
100,2,PCNNLarge,6,5,0.01,1.6529966592788696
100,2,PCNNLarge,6,5,0.1,7.671162128448486
100,2,PCNNLarge,6,25,0.0,1.0154229402542114
100,2,PCNNLarge,6,25,0.01,1.265805721282959
100,2,PCNNLarge,6,25,0.1,8.19416618347168
100,2,PCNNLarge,6,100,0.0,1.0015331506729126
100,2,PCNNLarge,6,100,0.01,1.1534556150436401
100,2,PCNNLarge,6,100,0.1,3.513916254043579
100,5,FCNNSmall,3,5,0.0,3.028775930404663
100,5,FCNNSmall,3,5,0.01,2.436213970184326
100,5,FCNNSmall,3,5,0.1,3.3073270320892334
100,5,FCNNSmall,3,25,0.0,1.7589205503463745
100,5,FCNNSmall,3,25,0.01,1.9664477109909058
100,5,FCNNSmall,3,25,0.1,2.1247594356536865
100,5,FCNNSmall,3,100,0.0,1.7443671226501465
100,5,FCNNSmall,3,100,0.01,1.7010587453842163
100,5,FCNNSmall,3,100,0.1,1.9177693128585815
100,5,FCNNSmall,4,5,0.0,2.028449535369873
100,5,FCNNSmall,4,5,0.01,2.06390643119812
100,5,FCNNSmall,4,5,0.1,6.8462653160095215
100,5,FCNNSmall,4,25,0.0,1.6762986183166504
100,5,FCNNSmall,4,25,0.01,1.7416006326675415
100,5,FCNNSmall,4,25,0.1,4.009183406829834
100,5,FCNNSmall,4,100,0.0,1.6831305027008057
100,5,FCNNSmall,4,100,0.01,1.6982533931732178
100,5,FCNNSmall,4,100,0.1,3.047106981277466
100,5,FCNNSmall,5,5,0.0,1.9039164781570435
100,5,FCNNSmall,5,5,0.01,2.1041007041931152
100,5,FCNNSmall,5,5,0.1,9.972250938415527
100,5,FCNNSmall,5,25,0.0,1.656596064567566
100,5,FCNNSmall,5,25,0.01,1.7785083055496216
100,5,FCNNSmall,5,25,0.1,8.360855102539062
100,5,FCNNSmall,5,100,0.0,1.6812866926193237
100,5,FCNNSmall,5,100,0.01,1.7427542209625244
100,5,FCNNSmall,5,100,0.1,5.7228474617004395
100,5,FCNNSmall,6,5,0.0,1.8470052480697632
100,5,FCNNSmall,6,5,0.01,1.9301847219467163
100,5,FCNNSmall,6,5,0.1,11.195839881896973
100,5,FCNNSmall,6,25,0.0,1.670206904411316
100,5,FCNNSmall,6,25,0.01,1.7530574798583984
100,5,FCNNSmall,6,25,0.1,9.36507797241211
100,5,FCNNSmall,6,100,0.0,1.694251298904419
100,5,FCNNSmall,6,100,0.01,1.8301271200180054
100,5,FCNNSmall,6,100,0.1,7.898123264312744
100,5,PCNNSmall,3,5,0.0,1.9522745609283447
100,5,PCNNSmall,3,5,0.01,1.9398866891860962
100,5,PCNNSmall,3,5,0.1,2.8601863384246826
100,5,PCNNSmall,3,25,0.0,1.750709891319275
100,5,PCNNSmall,3,25,0.01,1.746886968612671
100,5,PCNNSmall,3,25,0.1,2.1762540340423584
100,5,PCNNSmall,3,100,0.0,1.7061766386032104
100,5,PCNNSmall,3,100,0.01,1.7331992387771606
100,5,PCNNSmall,3,100,0.1,1.797338843345642
100,5,PCNNSmall,4,5,0.0,1.7757939100265503
100,5,PCNNSmall,4,5,0.01,2.425673007965088
100,5,PCNNSmall,4,5,0.1,6.350086212158203
100,5,PCNNSmall,4,25,0.0,1.6631951332092285
100,5,PCNNSmall,4,25,0.01,1.670101523399353
100,5,PCNNSmall,4,25,0.1,2.263446092605591
100,5,PCNNSmall,4,100,0.0,1.685485601425171
100,5,PCNNSmall,4,100,0.01,1.681188702583313
100,5,PCNNSmall,4,100,0.1,2.002333879470825
100,5,PCNNSmall,5,5,0.0,1.769264817237854
100,5,PCNNSmall,5,5,0.01,1.8467940092086792
100,5,PCNNSmall,5,5,0.1,7.518134593963623
100,5,PCNNSmall,5,25,0.0,1.6675848960876465
100,5,PCNNSmall,5,25,0.01,1.7093549966812134
100,5,PCNNSmall,5,25,0.1,4.1467766761779785
100,5,PCNNSmall,5,100,0.0,1.6698931455612183
100,5,PCNNSmall,5,100,0.01,1.6763675212860107
100,5,PCNNSmall,5,100,0.1,3.8453004360198975
100,5,PCNNSmall,6,5,0.0,1.7056418657302856
100,5,PCNNSmall,6,5,0.01,2.342996835708618
100,5,PCNNSmall,6,5,0.1,12.381882667541504
100,5,PCNNSmall,6,25,0.0,1.6597052812576294
100,5,PCNNSmall,6,25,0.01,1.679577112197876
100,5,PCNNSmall,6,25,0.1,7.732288837432861
100,5,PCNNSmall,6,100,0.0,1.672149419784546
100,5,PCNNSmall,6,100,0.01,1.7330931425094604
100,5,PCNNSmall,6,100,0.1,3.9628992080688477
100,5,FCNNLarge,3,5,0.0,2.1046712398529053
100,5,FCNNLarge,3,5,0.01,1.6068809032440186
100,5,FCNNLarge,3,5,0.1,2.784060001373291
100,5,FCNNLarge,3,25,0.0,1.0544133186340332
100,5,FCNNLarge,3,25,0.01,1.1309136152267456
100,5,FCNNLarge,3,25,0.1,1.3806689977645874
100,5,FCNNLarge,3,100,0.0,1.0843455791473389
100,5,FCNNLarge,3,100,0.01,1.0613561868667603
100,5,FCNNLarge,3,100,0.1,1.1650927066802979
100,5,FCNNLarge,4,5,0.0,2.617151975631714
100,5,FCNNLarge,4,5,0.01,2.0795843601226807
100,5,FCNNLarge,4,5,0.1,7.605165004730225
100,5,FCNNLarge,4,25,0.0,1.0374236106872559
100,5,FCNNLarge,4,25,0.01,1.0737249851226807
100,5,FCNNLarge,4,25,0.1,3.577448844909668
100,5,FCNNLarge,4,100,0.0,1.0281755924224854
100,5,FCNNLarge,4,100,0.01,1.0288879871368408
100,5,FCNNLarge,4,100,0.1,2.37766695022583
100,5,FCNNLarge,5,5,0.0,1.2040901184082031
100,5,FCNNLarge,5,5,0.01,1.3366446495056152
100,5,FCNNLarge,5,5,0.1,8.209399223327637
100,5,FCNNLarge,5,25,0.0,1.0161288976669312
100,5,FCNNLarge,5,25,0.01,1.1016517877578735
100,5,FCNNLarge,5,25,0.1,8.400344848632812
100,5,FCNNLarge,5,100,0.0,1.024114966392517
100,5,FCNNLarge,5,100,0.01,1.1246432065963745
100,5,FCNNLarge,5,100,0.1,6.19341516494751
100,5,FCNNLarge,6,5,0.0,1.0610888004302979
100,5,FCNNLarge,6,5,0.01,1.3454455137252808
100,5,FCNNLarge,6,5,0.1,10.487168312072754
100,5,FCNNLarge,6,25,0.0,1.0317847728729248
100,5,FCNNLarge,6,25,0.01,1.2764650583267212
100,5,FCNNLarge,6,25,0.1,9.345755577087402
100,5,FCNNLarge,6,100,0.0,1.0242860317230225
100,5,FCNNLarge,6,100,0.01,1.1943479776382446
100,5,FCNNLarge,6,100,0.1,7.304702281951904
100,5,PCNNLarge,3,5,0.0,1.3069456815719604
100,5,PCNNLarge,3,5,0.01,1.4775868654251099
100,5,PCNNLarge,3,5,0.1,2.4753315448760986
100,5,PCNNLarge,3,25,0.0,1.0548138618469238
100,5,PCNNLarge,3,25,0.01,1.1687278747558594
100,5,PCNNLarge,3,25,0.1,1.7066233158111572
100,5,PCNNLarge,3,100,0.0,1.0306686162948608
100,5,PCNNLarge,3,100,0.01,1.039806842803955
100,5,PCNNLarge,3,100,0.1,1.2163877487182617
100,5,PCNNLarge,4,5,0.0,1.2450884580612183
100,5,PCNNLarge,4,5,0.01,1.461157202720642
100,5,PCNNLarge,4,5,0.1,3.968806028366089
100,5,PCNNLarge,4,25,0.0,0.998206615447998
100,5,PCNNLarge,4,25,0.01,1.0290606021881104
100,5,PCNNLarge,4,25,0.1,2.539330244064331
100,5,PCNNLarge,4,100,0.0,1.0146840810775757
100,5,PCNNLarge,4,100,0.01,1.014420747756958
100,5,PCNNLarge,4,100,0.1,1.6398351192474365
100,5,PCNNLarge,5,5,0.0,1.0752359628677368
100,5,PCNNLarge,5,5,0.01,1.4574311971664429
100,5,PCNNLarge,5,5,0.1,7.069704532623291
100,5,PCNNLarge,5,25,0.0,0.9919954538345337
100,5,PCNNLarge,5,25,0.01,1.1246764659881592
100,5,PCNNLarge,5,25,0.1,4.5500688552856445
100,5,PCNNLarge,5,100,0.0,1.0057973861694336
100,5,PCNNLarge,5,100,0.01,1.0601623058319092
100,5,PCNNLarge,5,100,0.1,3.658973455429077
100,5,PCNNLarge,6,5,0.0,1.2648189067840576
100,5,PCNNLarge,6,5,0.01,1.7275810241699219
100,5,PCNNLarge,6,5,0.1,7.588282108306885
100,5,PCNNLarge,6,25,0.0,1.007532000541687
100,5,PCNNLarge,6,25,0.01,1.3046354055404663
100,5,PCNNLarge,6,25,0.1,8.249239921569824
100,5,PCNNLarge,6,100,0.0,0.9987230896949768
100,5,PCNNLarge,6,100,0.01,1.1080350875854492
100,5,PCNNLarge,6,100,0.1,3.8617560863494873
100,10,FCNNSmall,3,5,0.0,2.888326406478882
100,10,FCNNSmall,3,5,0.01,2.308081865310669
100,10,FCNNSmall,3,5,0.1,4.272830963134766
100,10,FCNNSmall,3,25,0.0,1.70941162109375
100,10,FCNNSmall,3,25,0.01,1.841625452041626
100,10,FCNNSmall,3,25,0.1,2.4417824745178223
100,10,FCNNSmall,3,100,0.0,1.6637216806411743
100,10,FCNNSmall,3,100,0.01,1.764831304550171
100,10,FCNNSmall,3,100,0.1,1.9602556228637695
100,10,FCNNSmall,4,5,0.0,1.8983018398284912
100,10,FCNNSmall,4,5,0.01,2.729557991027832
100,10,FCNNSmall,4,5,0.1,5.98634147644043
100,10,FCNNSmall,4,25,0.0,1.6354587078094482
100,10,FCNNSmall,4,25,0.01,1.742812991142273
100,10,FCNNSmall,4,25,0.1,4.4211320877075195
100,10,FCNNSmall,4,100,0.0,1.6295775175094604
100,10,FCNNSmall,4,100,0.01,1.6516515016555786
100,10,FCNNSmall,4,100,0.1,4.248878002166748
100,10,FCNNSmall,5,5,0.0,1.9012261629104614
100,10,FCNNSmall,5,5,0.01,1.975762128829956
100,10,FCNNSmall,5,5,0.1,8.821914672851562
100,10,FCNNSmall,5,25,0.0,1.6148645877838135
100,10,FCNNSmall,5,25,0.01,1.7349731922149658
100,10,FCNNSmall,5,25,0.1,6.189394474029541
100,10,FCNNSmall,5,100,0.0,1.63515305519104
100,10,FCNNSmall,5,100,0.01,1.6382654905319214
100,10,FCNNSmall,5,100,0.1,7.112998008728027
100,10,FCNNSmall,6,5,0.0,1.6894081830978394
100,10,FCNNSmall,6,5,0.01,2.272139072418213
100,10,FCNNSmall,6,5,0.1,9.740742683410645
100,10,FCNNSmall,6,25,0.0,1.617537021636963
100,10,FCNNSmall,6,25,0.01,1.7061269283294678
100,10,FCNNSmall,6,25,0.1,11.471879959106445
100,10,FCNNSmall,6,100,0.0,1.6267225742340088
100,10,FCNNSmall,6,100,0.01,1.7592980861663818
100,10,FCNNSmall,6,100,0.1,9.262493133544922
100,10,PCNNSmall,3,5,0.0,1.8267971277236938
100,10,PCNNSmall,3,5,0.01,1.8020045757293701
100,10,PCNNSmall,3,5,0.1,2.829824209213257
100,10,PCNNSmall,3,25,0.0,1.660821557044983
100,10,PCNNSmall,3,25,0.01,1.6300431489944458
100,10,PCNNSmall,3,25,0.1,2.1467344760894775
100,10,PCNNSmall,3,100,0.0,1.644432783126831
100,10,PCNNSmall,3,100,0.01,1.6565029621124268
100,10,PCNNSmall,3,100,0.1,1.7840875387191772
100,10,PCNNSmall,4,5,0.0,2.0244014263153076
100,10,PCNNSmall,4,5,0.01,2.3587448596954346
100,10,PCNNSmall,4,5,0.1,4.8168463706970215
100,10,PCNNSmall,4,25,0.0,1.5882760286331177
100,10,PCNNSmall,4,25,0.01,1.6072794198989868
100,10,PCNNSmall,4,25,0.1,2.8625996112823486
100,10,PCNNSmall,4,100,0.0,1.6191530227661133
100,10,PCNNSmall,4,100,0.01,1.601015329360962
100,10,PCNNSmall,4,100,0.1,1.8816922903060913
100,10,PCNNSmall,5,5,0.0,1.6831897497177124
100,10,PCNNSmall,5,5,0.01,2.089470624923706
100,10,PCNNSmall,5,5,0.1,6.529133319854736
100,10,PCNNSmall,5,25,0.0,1.5933119058609009
100,10,PCNNSmall,5,25,0.01,1.6337134838104248
100,10,PCNNSmall,5,25,0.1,4.569785118103027
100,10,PCNNSmall,5,100,0.0,1.5929142236709595
100,10,PCNNSmall,5,100,0.01,1.5820006132125854
100,10,PCNNSmall,5,100,0.1,4.298484802246094
100,10,PCNNSmall,6,5,0.0,1.70231032371521
100,10,PCNNSmall,6,5,0.01,2.0301854610443115
100,10,PCNNSmall,6,5,0.1,11.926965713500977
100,10,PCNNSmall,6,25,0.0,1.5885616540908813
100,10,PCNNSmall,6,25,0.01,1.6471461057662964
100,10,PCNNSmall,6,25,0.1,7.952301979064941
100,10,PCNNSmall,6,100,0.0,1.5895384550094604
100,10,PCNNSmall,6,100,0.01,1.6474698781967163
100,10,PCNNSmall,6,100,0.1,5.1819539070129395
100,10,FCNNLarge,3,5,0.0,2.143094539642334
100,10,FCNNLarge,3,5,0.01,1.6512385606765747
100,10,FCNNLarge,3,5,0.1,3.974944829940796
100,10,FCNNLarge,3,25,0.0,1.0589998960494995
100,10,FCNNLarge,3,25,0.01,1.1320570707321167
100,10,FCNNLarge,3,25,0.1,1.6279942989349365
100,10,FCNNLarge,3,100,0.0,1.058690071105957
100,10,FCNNLarge,3,100,0.01,1.0667415857315063
100,10,FCNNLarge,3,100,0.1,1.2634592056274414
100,10,FCNNLarge,4,5,0.0,1.2339072227478027
100,10,FCNNLarge,4,5,0.01,2.096663475036621
100,10,FCNNLarge,4,5,0.1,6.563229560852051
100,10,FCNNLarge,4,25,0.0,1.0317052602767944
100,10,FCNNLarge,4,25,0.01,1.0969949960708618
100,10,FCNNLarge,4,25,0.1,3.6135048866271973
100,10,FCNNLarge,4,100,0.0,1.0258171558380127
100,10,FCNNLarge,4,100,0.01,1.0457419157028198
100,10,FCNNLarge,4,100,0.1,2.70623779296875
100,10,FCNNLarge,5,5,0.0,2.5724706649780273
100,10,FCNNLarge,5,5,0.01,1.3215522766113281
100,10,FCNNLarge,5,5,0.1,8.298433303833008
100,10,FCNNLarge,5,25,0.0,1.0272562503814697
100,10,FCNNLarge,5,25,0.01,1.1021993160247803
100,10,FCNNLarge,5,25,0.1,9.374322891235352
100,10,FCNNLarge,5,100,0.0,1.0209194421768188
100,10,FCNNLarge,5,100,0.01,1.1534291505813599
100,10,FCNNLarge,5,100,0.1,6.961853504180908
100,10,FCNNLarge,6,5,0.0,1.0768613815307617
100,10,FCNNLarge,6,5,0.01,1.3632816076278687
100,10,FCNNLarge,6,5,0.1,9.954380989074707
100,10,FCNNLarge,6,25,0.0,1.0304076671600342
100,10,FCNNLarge,6,25,0.01,1.2319409847259521
100,10,FCNNLarge,6,25,0.1,9.872854232788086
100,10,FCNNLarge,6,100,0.0,1.0299023389816284
100,10,FCNNLarge,6,100,0.01,1.1866463422775269
100,10,FCNNLarge,6,100,0.1,7.307920932769775
100,10,PCNNLarge,3,5,0.0,1.2354201078414917
100,10,PCNNLarge,3,5,0.01,1.471959114074707
100,10,PCNNLarge,3,5,0.1,2.737499713897705
100,10,PCNNLarge,3,25,0.0,1.0914949178695679
100,10,PCNNLarge,3,25,0.01,1.1567364931106567
100,10,PCNNLarge,3,25,0.1,1.627526879310608
100,10,PCNNLarge,3,100,0.0,1.0765987634658813
100,10,PCNNLarge,3,100,0.01,1.0434490442276
100,10,PCNNLarge,3,100,0.1,1.2235157489776611
100,10,PCNNLarge,4,5,0.0,1.2223759889602661
100,10,PCNNLarge,4,5,0.01,1.6343833208084106
100,10,PCNNLarge,4,5,0.1,3.569906234741211
100,10,PCNNLarge,4,25,0.0,1.0011160373687744
100,10,PCNNLarge,4,25,0.01,1.0579110383987427
100,10,PCNNLarge,4,25,0.1,2.72579026222229
100,10,PCNNLarge,4,100,0.0,1.005207896232605
100,10,PCNNLarge,4,100,0.01,1.0129295587539673
100,10,PCNNLarge,4,100,0.1,1.946537733078003
100,10,PCNNLarge,5,5,0.0,1.0476418733596802
100,10,PCNNLarge,5,5,0.01,1.3780804872512817
100,10,PCNNLarge,5,5,0.1,9.114744186401367
100,10,PCNNLarge,5,25,0.0,0.9998295307159424
100,10,PCNNLarge,5,25,0.01,1.0992765426635742
100,10,PCNNLarge,5,25,0.1,5.066814422607422
100,10,PCNNLarge,5,100,0.0,0.9895527362823486
100,10,PCNNLarge,5,100,0.01,1.0170190334320068
100,10,PCNNLarge,5,100,0.1,4.322850227355957
100,10,PCNNLarge,6,5,0.0,1.2361208200454712
100,10,PCNNLarge,6,5,0.01,1.6695265769958496
100,10,PCNNLarge,6,5,0.1,9.379179000854492
100,10,PCNNLarge,6,25,0.0,0.9999310970306396
100,10,PCNNLarge,6,25,0.01,1.2763632535934448
100,10,PCNNLarge,6,25,0.1,7.993079662322998
100,10,PCNNLarge,6,100,0.0,1.0036652088165283
100,10,PCNNLarge,6,100,0.01,1.0892654657363892
100,10,PCNNLarge,6,100,0.1,4.317546844482422
